"task_id","team_id"
"6f8e8a9f-8277-462d-bcef-3b57e753722f","27264d57-eab1-4c1a-9b48-4ba05db08af2"
"595b0b3f-b67b-449c-ab5d-12a9869c3552","27264d57-eab1-4c1a-9b48-4ba05db08af2"
"04733396-220c-43cb-9c92-0f96009256a7","34fbb5ed-358d-4583-bc14-1c2daaa82436"
"277feaf2-4f69-4155-9472-7ee180a7032c","34fbb5ed-358d-4583-bc14-1c2daaa82436"
"03eb99b6-52e4-449a-9092-948431b973d8","27264d57-eab1-4c1a-9b48-4ba05db08af2"
"973e1732-29f8-4957-a08e-f5b7e458de8d","27264d57-eab1-4c1a-9b48-4ba05db08af2"
"087056b6-c88f-486a-bc6c-ca4e911c4efc","34fbb5ed-358d-4583-bc14-1c2daaa82436"
"0f7e74da-703e-4f31-86d4-1c54483c3adb","27264d57-eab1-4c1a-9b48-4ba05db08af2"
"4057b7a6-2934-4c7c-b27c-5b82c845cf7e","27264d57-eab1-4c1a-9b48-4ba05db08af2"
"9a8e5e3a-4199-473e-a4c8-e1e780b50415","d9ed9dec-29db-4931-8f2e-875e62d9fc38"
"7dbf68d7-ee89-4ebe-aa24-57112a9eb605","d9ed9dec-29db-4931-8f2e-875e62d9fc38"
"9a8e5e3a-4199-473e-a4c8-e1e780b50415","34fbb5ed-358d-4583-bc14-1c2daaa82436"
"7dbf68d7-ee89-4ebe-aa24-57112a9eb605","34fbb5ed-358d-4583-bc14-1c2daaa82436"
"1b292af7-b148-40c5-9871-e04f20d0c9f2","d9ed9dec-29db-4931-8f2e-875e62d9fc38"
"1b292af7-b148-40c5-9871-e04f20d0c9f2","34fbb5ed-358d-4583-bc14-1c2daaa82436"
"7f351f8f-538e-4595-aa5e-bf9602b134b3","d9ed9dec-29db-4931-8f2e-875e62d9fc38"
"7f351f8f-538e-4595-aa5e-bf9602b134b3","34fbb5ed-358d-4583-bc14-1c2daaa82436"
"e9b98d08-8910-4854-b0e3-7fc16250ae47","27264d57-eab1-4c1a-9b48-4ba05db08af2"
"3b347768-34ad-4026-a809-792f8d55fa40","27264d57-eab1-4c1a-9b48-4ba05db08af2"
"535a3188-b02e-4615-890d-37b204abce95","34fbb5ed-358d-4583-bc14-1c2daaa82436"
"9f7657bd-c549-4fc5-b428-4f2401c4c294","27264d57-eab1-4c1a-9b48-4ba05db08af2"
"2658c9de-2579-48f4-a767-a995d82a4479","27264d57-eab1-4c1a-9b48-4ba05db08af2"
"48fd6d09-bcfe-4d19-9d61-d35e6a74c889","d9ed9dec-29db-4931-8f2e-875e62d9fc38"
"48fd6d09-bcfe-4d19-9d61-d35e6a74c889","34fbb5ed-358d-4583-bc14-1c2daaa82436"
"639e9001-f32f-4a82-af56-a19cafdc153e","d9ed9dec-29db-4931-8f2e-875e62d9fc38"
"639e9001-f32f-4a82-af56-a19cafdc153e","34fbb5ed-358d-4583-bc14-1c2daaa82436"
"bd1db366-2fd3-420b-befa-f5f2c9c6d0bb","27264d57-eab1-4c1a-9b48-4ba05db08af2"
"c40a38b8-aada-407e-b3ec-23ba79455bfa","27264d57-eab1-4c1a-9b48-4ba05db08af2"
"484c544c-08f7-4cec-9cd3-25b7281a7d8c","27264d57-eab1-4c1a-9b48-4ba05db08af2"
"bcc7d9b3-f084-41c2-806c-223f74896364","27264d57-eab1-4c1a-9b48-4ba05db08af2"
"9f6a311f-137a-4d2c-9525-4c27e48017a9","27264d57-eab1-4c1a-9b48-4ba05db08af2"
"37a26913-b5e4-46d2-86dd-df2060ebb2e7","34fbb5ed-358d-4583-bc14-1c2daaa82436"
"02d67afb-a898-4521-97a9-378556c819b2","34fbb5ed-358d-4583-bc14-1c2daaa82436"
"02d67afb-a898-4521-97a9-378556c819b2","d9ed9dec-29db-4931-8f2e-875e62d9fc38"
"19280ab8-0f62-4e76-aba7-5eed42b62cff","34fbb5ed-358d-4583-bc14-1c2daaa82436"
"19280ab8-0f62-4e76-aba7-5eed42b62cff","d9ed9dec-29db-4931-8f2e-875e62d9fc38"
"c3f628b5-cabe-4c79-8729-c710da1ec66b","34fbb5ed-358d-4583-bc14-1c2daaa82436"
"c3f628b5-cabe-4c79-8729-c710da1ec66b","d9ed9dec-29db-4931-8f2e-875e62d9fc38"
"1011d5e5-5c32-4214-8a64-df480df14393","27264d57-eab1-4c1a-9b48-4ba05db08af2"
"3866f7de-5052-469a-b7f0-0f1a195dfba5","34fbb5ed-358d-4583-bc14-1c2daaa82436"
"edf87fa6-3c3b-447c-80b9-da081e0ef002","27264d57-eab1-4c1a-9b48-4ba05db08af2"
"b76474ac-c7b3-4f4d-85e6-d1b1203255de","27264d57-eab1-4c1a-9b48-4ba05db08af2"
"cf64b00b-84f6-4197-9204-7268bfaa4943","d9ed9dec-29db-4931-8f2e-875e62d9fc38"
"cf64b00b-84f6-4197-9204-7268bfaa4943","34fbb5ed-358d-4583-bc14-1c2daaa82436"
"81ea4b06-c34e-4b87-91f3-5eb261da54b6","d9ed9dec-29db-4931-8f2e-875e62d9fc38"
"81ea4b06-c34e-4b87-91f3-5eb261da54b6","34fbb5ed-358d-4583-bc14-1c2daaa82436"
"21b96198-55bd-4b34-b7bb-1b0c6f979f0f","27264d57-eab1-4c1a-9b48-4ba05db08af2"
"5bbe54f3-3d9a-4444-9631-358b3c1fc3ef","34fbb5ed-358d-4583-bc14-1c2daaa82436"
"c8e6095e-6fa2-418d-8ce4-b80b21d1bf26","34fbb5ed-358d-4583-bc14-1c2daaa82436"
"c8e6095e-6fa2-418d-8ce4-b80b21d1bf26","d9ed9dec-29db-4931-8f2e-875e62d9fc38"
"7b250ebf-1e90-4c48-bff7-5326fe561509","34fbb5ed-358d-4583-bc14-1c2daaa82436"
"7b250ebf-1e90-4c48-bff7-5326fe561509","d9ed9dec-29db-4931-8f2e-875e62d9fc38"
"6a9b95fe-ae1e-4b93-875a-7424d84b4e0a","34fbb5ed-358d-4583-bc14-1c2daaa82436"
"6a9b95fe-ae1e-4b93-875a-7424d84b4e0a","d9ed9dec-29db-4931-8f2e-875e62d9fc38"
"e19d2617-7487-4fe1-ad38-f62e1a0b2f5a","d9ed9dec-29db-4931-8f2e-875e62d9fc38"
"e19d2617-7487-4fe1-ad38-f62e1a0b2f5a","34fbb5ed-358d-4583-bc14-1c2daaa82436"
"338d2973-a372-4f2b-852e-e73a61969438","27264d57-eab1-4c1a-9b48-4ba05db08af2"
"8ba804b2-c227-4233-8b99-33e03e93293d","d9ed9dec-29db-4931-8f2e-875e62d9fc38"
"3f7546fa-6e95-4eb0-b195-1792acf81b0d","34fbb5ed-358d-4583-bc14-1c2daaa82436"
"3f7546fa-6e95-4eb0-b195-1792acf81b0d","d9ed9dec-29db-4931-8f2e-875e62d9fc38"
"82537eb2-d99b-4f33-abfd-5ecbc2d35760","27264d57-eab1-4c1a-9b48-4ba05db08af2"
"542aea37-14cd-44b5-82aa-43ded3f77bb4","34fbb5ed-358d-4583-bc14-1c2daaa82436"
"88e1d93f-45c5-4f77-8bd3-91b81b96eb6c","34fbb5ed-358d-4583-bc14-1c2daaa82436"
"3a9a9643-4e90-4a44-b1d7-a4d6ac982426","34fbb5ed-358d-4583-bc14-1c2daaa82436"
"3a9a9643-4e90-4a44-b1d7-a4d6ac982426","27264d57-eab1-4c1a-9b48-4ba05db08af2"
"69fc3d8d-be14-44f9-8f18-81fd84f7b884","34fbb5ed-358d-4583-bc14-1c2daaa82436"
"42efd4f3-207d-4498-942d-2cc6f7b0e0f1","27264d57-eab1-4c1a-9b48-4ba05db08af2"
"30fb39c6-0b34-49c9-81d9-4b90edb38e12","34fbb5ed-358d-4583-bc14-1c2daaa82436"
"0a0f987d-7a80-4ad2-9c05-6c4abd1d11cb","27264d57-eab1-4c1a-9b48-4ba05db08af2"
"6135c47c-29be-4972-8314-1de5590747c1","34fbb5ed-358d-4583-bc14-1c2daaa82436"
"7015b22c-e667-4ca2-8c26-6e66771b79c4","d9ed9dec-29db-4931-8f2e-875e62d9fc38"
"7015b22c-e667-4ca2-8c26-6e66771b79c4","34fbb5ed-358d-4583-bc14-1c2daaa82436"
"8e5f50bc-7807-47fb-97b0-767257295850","d9ed9dec-29db-4931-8f2e-875e62d9fc38"
"3b6dc303-aae9-45d0-a2e6-cf0f90189038","34fbb5ed-358d-4583-bc14-1c2daaa82436"
"3b6dc303-aae9-45d0-a2e6-cf0f90189038","27264d57-eab1-4c1a-9b48-4ba05db08af2"
"afa0261b-d44a-4f1e-9996-fdb7829ff352","34fbb5ed-358d-4583-bc14-1c2daaa82436"
"b77f17b0-3ae6-4757-a1ca-e8f2e2b242c7","27264d57-eab1-4c1a-9b48-4ba05db08af2"
"b77f17b0-3ae6-4757-a1ca-e8f2e2b242c7","34fbb5ed-358d-4583-bc14-1c2daaa82436"
"ec3fbc81-b0d3-424b-9c89-60c4452095ef","27264d57-eab1-4c1a-9b48-4ba05db08af2"
"b755c5fd-2bf4-4baa-8610-1e1666546502","27264d57-eab1-4c1a-9b48-4ba05db08af2"
"c72b648f-8da4-4198-8fb9-7d8be0b0a470","27264d57-eab1-4c1a-9b48-4ba05db08af2"
"d7aaf4ca-ad9b-4574-934f-6c507d34d3a3","34fbb5ed-358d-4583-bc14-1c2daaa82436"
"d7aaf4ca-ad9b-4574-934f-6c507d34d3a3","d9ed9dec-29db-4931-8f2e-875e62d9fc38"
"8547b3b8-333d-4897-b471-89f20c472d86","27264d57-eab1-4c1a-9b48-4ba05db08af2"
"8547b3b8-333d-4897-b471-89f20c472d86","34fbb5ed-358d-4583-bc14-1c2daaa82436"
"8547b3b8-333d-4897-b471-89f20c472d86","d9ed9dec-29db-4931-8f2e-875e62d9fc38"
"b1e4be0b-2633-4e40-8634-5a710d0fab8a","27264d57-eab1-4c1a-9b48-4ba05db08af2"
"84a93c52-5dad-44b5-a94d-811f071a26de","34fbb5ed-358d-4583-bc14-1c2daaa82436"
"c0ea15d3-ff82-4e65-83d6-283263fae240","27264d57-eab1-4c1a-9b48-4ba05db08af2"
"508e8992-f648-4945-bd28-69521cd09343","27264d57-eab1-4c1a-9b48-4ba05db08af2"
"58fd8239-dba9-49eb-a04b-5f42f6971837","d9ed9dec-29db-4931-8f2e-875e62d9fc38"
"745fad07-41ba-4bd1-8308-533319145063","34fbb5ed-358d-4583-bc14-1c2daaa82436"
"9ccac5e5-f464-4e75-b28e-32b9b6a43b30","d9ed9dec-29db-4931-8f2e-875e62d9fc38"
"eb6aff1e-c207-449e-a5cb-bd0220cda13f","34fbb5ed-358d-4583-bc14-1c2daaa82436"
"f4839558-7b96-4c6b-88ef-7c5575f38b4f","d9ed9dec-29db-4931-8f2e-875e62d9fc38"
"49878406-0c99-48fc-8170-81e14845b067","34fbb5ed-358d-4583-bc14-1c2daaa82436"
"a0df7dc7-671d-40d3-ba06-dd736d748ab9","d9ed9dec-29db-4931-8f2e-875e62d9fc38"
"db74e2b0-ae09-4835-aadc-2089481c442b","34fbb5ed-358d-4583-bc14-1c2daaa82436"
"1c0627b9-21ee-4817-ae05-dbc1bf30ca26","34fbb5ed-358d-4583-bc14-1c2daaa82436"
"a70d93af-6d5d-4883-b426-c81e9ff3a814","27264d57-eab1-4c1a-9b48-4ba05db08af2"
"38f9a639-9bc3-460d-9e7f-fd55b24ce32c","27264d57-eab1-4c1a-9b48-4ba05db08af2"
"356e48e5-a3a9-46bf-b42f-46603d3a8d39","d9ed9dec-29db-4931-8f2e-875e62d9fc38"
"9d62bf32-bd6f-44c1-b240-9ee17c1ec69a","d9ed9dec-29db-4931-8f2e-875e62d9fc38"
"3940eb6f-086a-4f7f-85ac-0d2afada3e5a","34fbb5ed-358d-4583-bc14-1c2daaa82436"
"1df74b4e-beed-4dd3-8af9-f23f7d729906","d9ed9dec-29db-4931-8f2e-875e62d9fc38"
"8fdb92b4-d015-4a80-9c9e-bd3a3b006d0c","d9ed9dec-29db-4931-8f2e-875e62d9fc38"
"d3c38d2c-26ad-4e7e-b1d3-0edfc2a247cf","d9ed9dec-29db-4931-8f2e-875e62d9fc38"
"947a1194-e38c-4035-b28a-e6be90fd0d3d","d9ed9dec-29db-4931-8f2e-875e62d9fc38"
"4c9d5e7e-301e-4792-892e-a94718c6da28","d9ed9dec-29db-4931-8f2e-875e62d9fc38"
"a1ae7ff9-232c-4a70-ac8d-ed4d085d62f9","34fbb5ed-358d-4583-bc14-1c2daaa82436"
"abf40ff5-4c5c-478a-a769-e0fa3148c416","34fbb5ed-358d-4583-bc14-1c2daaa82436"
"ebd3f530-ddd9-4491-a204-1bc84d74c2e1","34fbb5ed-358d-4583-bc14-1c2daaa82436"
"2d8a2bb4-b2ef-4742-a1c1-3c8426a994bd","d9ed9dec-29db-4931-8f2e-875e62d9fc38"
"df5749f5-2c93-4681-ae5e-e77b024d035b","d9ed9dec-29db-4931-8f2e-875e62d9fc38"
"033a3079-b50f-4d08-bd2d-7cc5f3be6f6f","d9ed9dec-29db-4931-8f2e-875e62d9fc38"
"eabf699c-d57d-40df-8e30-2d112dd5cb1c","34fbb5ed-358d-4583-bc14-1c2daaa82436"
"2ec057a1-c2e6-4de1-b60f-2ff47c1438cc","d9ed9dec-29db-4931-8f2e-875e62d9fc38"
"631d2ace-1eb2-49ac-a529-f4307b8d5508","d9ed9dec-29db-4931-8f2e-875e62d9fc38"
"0964faed-9a9a-4c06-97ae-5897312bc90e","d9ed9dec-29db-4931-8f2e-875e62d9fc38"
"30df6e43-45bf-4fb3-98c0-757cae4ca0ed","d9ed9dec-29db-4931-8f2e-875e62d9fc38"
"ff99b6c2-e0e3-44ca-8a48-3cdcb0617320","d9ed9dec-29db-4931-8f2e-875e62d9fc38"
"195aafc2-a3a1-427a-9cdf-c367b481c930","34fbb5ed-358d-4583-bc14-1c2daaa82436"
"7ebcc792-041d-40e2-a5aa-4c8768f4e32f","d9ed9dec-29db-4931-8f2e-875e62d9fc38"
"bccb43d0-8f05-40e2-82cd-c63b0411f95e","d9ed9dec-29db-4931-8f2e-875e62d9fc38"
"52e4b95a-b28a-4183-9907-daf4a0eaab23","27264d57-eab1-4c1a-9b48-4ba05db08af2"
"d4feef28-a760-42ae-9b88-a811e4ac8459","27264d57-eab1-4c1a-9b48-4ba05db08af2"
"7b2ec057-0236-40fd-bd34-08410f6b1a22","27264d57-eab1-4c1a-9b48-4ba05db08af2"
"1f12e375-e2fc-449a-977f-877b236889a4","27264d57-eab1-4c1a-9b48-4ba05db08af2"
"401668fb-f446-41aa-aed2-5a46e42a7e1b","34fbb5ed-358d-4583-bc14-1c2daaa82436"
"7b31abd3-585c-4ba8-a8f7-3e7b98750bb8","d9ed9dec-29db-4931-8f2e-875e62d9fc38"
"6932e7bd-8e77-4c11-85ba-e382b2a87c28","27264d57-eab1-4c1a-9b48-4ba05db08af2"
"ca3b645f-5d10-44c8-bd67-418123f28762","d9ed9dec-29db-4931-8f2e-875e62d9fc38"
"ca3b645f-5d10-44c8-bd67-418123f28762","34fbb5ed-358d-4583-bc14-1c2daaa82436"
"70a79b53-d3f0-47fa-99db-18c54af2431b","d9ed9dec-29db-4931-8f2e-875e62d9fc38"
"70a79b53-d3f0-47fa-99db-18c54af2431b","34fbb5ed-358d-4583-bc14-1c2daaa82436"
"72640b9b-1704-4620-8391-32a7d4e33fb2","27264d57-eab1-4c1a-9b48-4ba05db08af2"
"fe1c2d93-3cd9-47c3-a05a-3bcb79297a40","34fbb5ed-358d-4583-bc14-1c2daaa82436"
"546dbabd-ddd0-4dc2-b806-bd430c58baab","d9ed9dec-29db-4931-8f2e-875e62d9fc38"
"546dbabd-ddd0-4dc2-b806-bd430c58baab","34fbb5ed-358d-4583-bc14-1c2daaa82436"
"31343aa6-8aaf-4db3-81c2-0319b92e78d0","d9ed9dec-29db-4931-8f2e-875e62d9fc38"
"31343aa6-8aaf-4db3-81c2-0319b92e78d0","34fbb5ed-358d-4583-bc14-1c2daaa82436"
"61eccaae-c32c-4544-abfa-96e83fbd5f62","d9ed9dec-29db-4931-8f2e-875e62d9fc38"
"3066d8f9-6ba7-4e21-9b7f-137dbb0305f1","d9ed9dec-29db-4931-8f2e-875e62d9fc38"
"365bf14a-9f1a-4447-bd99-36cce16e7e4c","34fbb5ed-358d-4583-bc14-1c2daaa82436"
"19a85e6c-06de-4963-9c0f-a5feb39f6114","d9ed9dec-29db-4931-8f2e-875e62d9fc38"
"eef11cd2-5230-4aaa-acd2-e76b0746dd04","d9ed9dec-29db-4931-8f2e-875e62d9fc38"
"820a5ac2-2bfb-406d-be46-ece89d8f600a","34fbb5ed-358d-4583-bc14-1c2daaa82436"
"196c4655-5b26-450e-af5f-bdacf106a374","27264d57-eab1-4c1a-9b48-4ba05db08af2"
"9a60f885-1443-4180-b147-b1768f84182e","34fbb5ed-358d-4583-bc14-1c2daaa82436"
"b16b1ec4-045f-415c-bc77-bb02018be5cc","34fbb5ed-358d-4583-bc14-1c2daaa82436"
"dc2f5862-af27-4764-813e-56930e569b85","27264d57-eab1-4c1a-9b48-4ba05db08af2"
"32815403-6fed-4442-b439-39c466dbd009","27264d57-eab1-4c1a-9b48-4ba05db08af2"
"1ba64029-d2c2-4e28-b38c-43af0c0e59bd","d9ed9dec-29db-4931-8f2e-875e62d9fc38"
"64646af4-edf8-4f33-aa22-8953cd484071","d9ed9dec-29db-4931-8f2e-875e62d9fc38"
"4dc4462f-4309-4047-941f-5843c51a2330","d9ed9dec-29db-4931-8f2e-875e62d9fc38"
"1d6bac02-d6f0-4548-bec3-56169f894ba5","27264d57-eab1-4c1a-9b48-4ba05db08af2"
"c2909c74-c63d-498a-b40f-f92e9660550c","34fbb5ed-358d-4583-bc14-1c2daaa82436"
"d897a1a4-b5df-45f0-a188-ba4487e2cd70","d9ed9dec-29db-4931-8f2e-875e62d9fc38"
"d897a1a4-b5df-45f0-a188-ba4487e2cd70","34fbb5ed-358d-4583-bc14-1c2daaa82436"
"2b2fe129-43e3-4df2-89b2-f55b0e4e15dd","d9ed9dec-29db-4931-8f2e-875e62d9fc38"
"2b2fe129-43e3-4df2-89b2-f55b0e4e15dd","34fbb5ed-358d-4583-bc14-1c2daaa82436"
"0c2880b5-4cf3-4ba3-ad97-767e253df15e","34fbb5ed-358d-4583-bc14-1c2daaa82436"
"9bc0117c-9cd4-4a52-85a6-fb18aad5b39b","27264d57-eab1-4c1a-9b48-4ba05db08af2"
"1e87d4e6-b54c-4ba1-a808-7a536de0a12b","d9ed9dec-29db-4931-8f2e-875e62d9fc38"
"1dc466e5-3aeb-4395-8b9e-c78777e8bc71","34fbb5ed-358d-4583-bc14-1c2daaa82436"
"49d98105-cba5-4dc4-9461-2db16ec00fcc","34fbb5ed-358d-4583-bc14-1c2daaa82436"
"88630c6a-5210-44bd-9eca-f9ee03214e75","d9ed9dec-29db-4931-8f2e-875e62d9fc38"
"79462064-081a-437b-abae-7a2db336d32e","27264d57-eab1-4c1a-9b48-4ba05db08af2"
"3b24ebe6-bb95-446e-972b-986b61d698d6","d9ed9dec-29db-4931-8f2e-875e62d9fc38"
"3b24ebe6-bb95-446e-972b-986b61d698d6","34fbb5ed-358d-4583-bc14-1c2daaa82436"
"7fef57ed-6099-4331-81b3-2148756dea19","d9ed9dec-29db-4931-8f2e-875e62d9fc38"
"7fef57ed-6099-4331-81b3-2148756dea19","34fbb5ed-358d-4583-bc14-1c2daaa82436"
"1d33b452-9bec-4280-b298-aeea81dbb455","d9ed9dec-29db-4931-8f2e-875e62d9fc38"
"1d33b452-9bec-4280-b298-aeea81dbb455","34fbb5ed-358d-4583-bc14-1c2daaa82436"
"f5bed19f-0081-49bb-8612-30fed499da3f","34fbb5ed-358d-4583-bc14-1c2daaa82436"
"5ac4fcee-3cbd-42dc-bfef-9082b1967e78","d9ed9dec-29db-4931-8f2e-875e62d9fc38"
"6f6b26ad-1e58-4fc4-871a-7f898855dbdf","d9ed9dec-29db-4931-8f2e-875e62d9fc38"
"d39c0783-3e40-497c-8603-28dccd2baa8d","27264d57-eab1-4c1a-9b48-4ba05db08af2"
"a205a73b-353a-4536-b9ac-149ce80bf0c1","27264d57-eab1-4c1a-9b48-4ba05db08af2"
"e8a16160-50e3-4552-ada2-526cd207d627","27264d57-eab1-4c1a-9b48-4ba05db08af2"
"9c3a5f31-f416-40f6-a535-a1ec9012ff72","27264d57-eab1-4c1a-9b48-4ba05db08af2"
"62ef89b3-0952-4fd3-b0e2-49b8ceaf2585","d9ed9dec-29db-4931-8f2e-875e62d9fc38"
"62ef89b3-0952-4fd3-b0e2-49b8ceaf2585","34fbb5ed-358d-4583-bc14-1c2daaa82436"
"08318ef0-582c-44ff-b8ca-0128ed3709fe","27264d57-eab1-4c1a-9b48-4ba05db08af2"
"afc5438b-ed19-4c24-a3f1-3e0e921c6b3a","34fbb5ed-358d-4583-bc14-1c2daaa82436"
"5ddfec27-a906-4680-9e3c-cceda0ccec06","34fbb5ed-358d-4583-bc14-1c2daaa82436"
"30b948d8-564a-4de9-9784-d9ef20b29aa0","d9ed9dec-29db-4931-8f2e-875e62d9fc38"
"d4d740b2-1506-47ae-99d3-b01252d1b3ab","27264d57-eab1-4c1a-9b48-4ba05db08af2"
"4c54e8f3-2362-4e8c-a6ac-afff51cf8a1f","d9ed9dec-29db-4931-8f2e-875e62d9fc38"
"888040c2-a7a4-4e76-91a7-0b2acf3c5a1b","34fbb5ed-358d-4583-bc14-1c2daaa82436"
"0ef8195c-0c30-4b56-bf68-ef015061aeae","27264d57-eab1-4c1a-9b48-4ba05db08af2"
"54426133-3f30-4b8e-ad3c-fec5493ff330","34fbb5ed-358d-4583-bc14-1c2daaa82436"
"54426133-3f30-4b8e-ad3c-fec5493ff330","d9ed9dec-29db-4931-8f2e-875e62d9fc38"
"b99a548b-a8bb-4d24-822e-678e71ad0256","27264d57-eab1-4c1a-9b48-4ba05db08af2"
"a6ab32e9-874a-4a18-82b7-a2bf7c236e98","34fbb5ed-358d-4583-bc14-1c2daaa82436"
"d6ca8655-79e2-4930-a0e4-be2d89fe2af4","27264d57-eab1-4c1a-9b48-4ba05db08af2"
"f921a4ba-2827-43c2-b7a3-de41169887f5","34fbb5ed-358d-4583-bc14-1c2daaa82436"
"bb8295c6-d68b-437c-9ba8-e2de458434b5","27264d57-eab1-4c1a-9b48-4ba05db08af2"
"8e4b03f0-93e5-4353-ae4c-2eb5f52f2697","34fbb5ed-358d-4583-bc14-1c2daaa82436"
"5051d464-5e38-4457-b1fa-68fe567bf6cf","27264d57-eab1-4c1a-9b48-4ba05db08af2"
"c8cf83ce-6c8e-4f03-b7ed-1b28c5d6ea95","d9ed9dec-29db-4931-8f2e-875e62d9fc38"
"c8cf83ce-6c8e-4f03-b7ed-1b28c5d6ea95","34fbb5ed-358d-4583-bc14-1c2daaa82436"
"e6b9f80c-c99c-4b0a-9474-10d6c67fc2e7","34fbb5ed-358d-4583-bc14-1c2daaa82436"
"2bc1ed62-ff38-433d-bf33-dbf7adc8db66","27264d57-eab1-4c1a-9b48-4ba05db08af2"
"ffd31505-9f0e-4193-b30c-47128dd479d8","34fbb5ed-358d-4583-bc14-1c2daaa82436"
"9b34a5c8-a7c0-4928-aa87-3e771802622d","34fbb5ed-358d-4583-bc14-1c2daaa82436"
"0681c4ba-480a-4a33-9178-f918a1bf63eb","d9ed9dec-29db-4931-8f2e-875e62d9fc38"
"0681c4ba-480a-4a33-9178-f918a1bf63eb","34fbb5ed-358d-4583-bc14-1c2daaa82436"
"8de0a762-d835-4db2-bcd3-b535735535c9","27264d57-eab1-4c1a-9b48-4ba05db08af2"
"9fa06489-90a2-47eb-b943-16847381bb81","27264d57-eab1-4c1a-9b48-4ba05db08af2"
"d2fab8f7-7cf6-434a-9353-f84db9adca05","27264d57-eab1-4c1a-9b48-4ba05db08af2"
"7fa11344-cd55-4c20-b0d2-a7441d20b493","27264d57-eab1-4c1a-9b48-4ba05db08af2"
"400bdfa3-6ac9-4df0-bfea-3974d739fbb3","27264d57-eab1-4c1a-9b48-4ba05db08af2"
"07b22e49-266b-417e-b17b-7df1b47ed778","27264d57-eab1-4c1a-9b48-4ba05db08af2"
"768368fc-e7ac-4315-9cb4-8fefc40352f2","34fbb5ed-358d-4583-bc14-1c2daaa82436"
"ac072c36-069f-4ddd-90e7-c70861b93dcb","d9ed9dec-29db-4931-8f2e-875e62d9fc38"
"ac072c36-069f-4ddd-90e7-c70861b93dcb","34fbb5ed-358d-4583-bc14-1c2daaa82436"
"0f5ed802-6521-4dc0-87f3-a9c63d5efa57","34fbb5ed-358d-4583-bc14-1c2daaa82436"
"25b3eb5b-a877-4e6c-86d3-b52c88e45b39","27264d57-eab1-4c1a-9b48-4ba05db08af2"
"35748b14-a5db-4b79-8499-66c30ecdd3cb","27264d57-eab1-4c1a-9b48-4ba05db08af2"
"5551b5b1-8bc1-4819-8e83-6ea4352027d5","27264d57-eab1-4c1a-9b48-4ba05db08af2"
"a8465aa4-8458-47de-8693-3c95b8b75e3e","27264d57-eab1-4c1a-9b48-4ba05db08af2"
"5857fe09-91ef-4728-a15e-e90ff0f51c22","27264d57-eab1-4c1a-9b48-4ba05db08af2"
"1881810e-3051-4923-bd71-8faa7d740c16","27264d57-eab1-4c1a-9b48-4ba05db08af2"
"7c7044be-2792-44f0-bbd7-33576c107fb0","27264d57-eab1-4c1a-9b48-4ba05db08af2"
"3bc8d050-f829-488c-a512-e2ed95dc62cd","27264d57-eab1-4c1a-9b48-4ba05db08af2"
"dcd4a898-e133-4ba7-8895-2853537cdcca","27264d57-eab1-4c1a-9b48-4ba05db08af2"
"98595043-9685-47df-b300-178efe5733a1","27264d57-eab1-4c1a-9b48-4ba05db08af2"
"76738610-085c-456f-8df7-cc7b4872389a","27264d57-eab1-4c1a-9b48-4ba05db08af2"
"00a1664f-e5ff-4491-8b1d-575e61dc3d81","27264d57-eab1-4c1a-9b48-4ba05db08af2"
"c6477dc7-6168-413d-8ffe-aa28b8948239","27264d57-eab1-4c1a-9b48-4ba05db08af2"
"dca485f1-2be9-47d6-a423-394f6545db36","27264d57-eab1-4c1a-9b48-4ba05db08af2"
"52d2e46a-f8a0-4d08-a812-fa0b9de10cca","27264d57-eab1-4c1a-9b48-4ba05db08af2"
"6cfcfa66-8339-4a7b-bf2d-eba36439e49b","27264d57-eab1-4c1a-9b48-4ba05db08af2"
"4016e104-3f81-4658-a3c7-283ed7e2dec5","27264d57-eab1-4c1a-9b48-4ba05db08af2"
"e1e3cc50-aec0-4a44-bc46-1478fb6c36c0","27264d57-eab1-4c1a-9b48-4ba05db08af2"
"29c9323f-6df1-4413-a2ac-a8278272b01a","27264d57-eab1-4c1a-9b48-4ba05db08af2"
"62ba143e-8004-4f9e-968d-3324a1a73471","27264d57-eab1-4c1a-9b48-4ba05db08af2"
"612b0e66-ddea-44c6-a54d-6d1d18d89b96","27264d57-eab1-4c1a-9b48-4ba05db08af2"
"3c00d8d5-f15c-4b90-9aff-0db9fc1b7a35","27264d57-eab1-4c1a-9b48-4ba05db08af2"
"017a01e5-bd85-4edb-add4-08c8a9f0c2bf","27264d57-eab1-4c1a-9b48-4ba05db08af2"
"1240764f-f5d6-4b70-a850-83fa5388e93d","27264d57-eab1-4c1a-9b48-4ba05db08af2"
"33cbff2a-f97a-4ac9-a331-c8f5b18a2d31","27264d57-eab1-4c1a-9b48-4ba05db08af2"
"4ff49359-0a8e-4430-90c4-d70a7f345a90","27264d57-eab1-4c1a-9b48-4ba05db08af2"
"a5870853-49cf-421e-9cb1-7406011f138b","27264d57-eab1-4c1a-9b48-4ba05db08af2"
"54b79f6b-227e-48ab-8801-5249de8dac55","27264d57-eab1-4c1a-9b48-4ba05db08af2"
"40356a53-3a73-460d-b78e-02a327c3723b","27264d57-eab1-4c1a-9b48-4ba05db08af2"
"82a182a5-8990-4946-82c2-2959e156d8be","27264d57-eab1-4c1a-9b48-4ba05db08af2"
"1274ec3e-e3b7-43b4-887c-bf43d95ed5e0","27264d57-eab1-4c1a-9b48-4ba05db08af2"
"9a71a9b2-a39d-44f7-8376-65371bd8640c","34fbb5ed-358d-4583-bc14-1c2daaa82436"
"f88e9a90-750e-42c9-ba4e-6971b4bb7ec0","34fbb5ed-358d-4583-bc14-1c2daaa82436"
"f0969a9e-4f66-4972-85aa-c049f6f8a397","27264d57-eab1-4c1a-9b48-4ba05db08af2"
"5436c937-abbd-4114-8dd2-58cfacc46e4b","27264d57-eab1-4c1a-9b48-4ba05db08af2"
"dabe4fbe-02de-42ba-83e5-fdda36fa7627","27264d57-eab1-4c1a-9b48-4ba05db08af2"
"5a8a45ad-7d4f-4dd1-bef0-43edc3a0141d","27264d57-eab1-4c1a-9b48-4ba05db08af2"
"5cea4c12-4f3a-4184-a1d4-1237c9cd72ba","27264d57-eab1-4c1a-9b48-4ba05db08af2"
"e467c030-a04b-4dbb-97ba-2bbd6373f26c","27264d57-eab1-4c1a-9b48-4ba05db08af2"
"cc91e766-702a-4535-a2e7-7e26e0cfc7eb","27264d57-eab1-4c1a-9b48-4ba05db08af2"
"7edfdd9f-75cd-4e04-8560-4b853d179385","27264d57-eab1-4c1a-9b48-4ba05db08af2"
"2a2def9e-3a24-415f-aed4-904e06f1081b","27264d57-eab1-4c1a-9b48-4ba05db08af2"
"ad8ea698-35e5-43f7-aa24-c26ae790cff0","27264d57-eab1-4c1a-9b48-4ba05db08af2"
"a1ceb18e-1b40-49fe-927a-5434f4086353","27264d57-eab1-4c1a-9b48-4ba05db08af2"
"86c35ba0-1c11-471e-933f-d9b513296428","27264d57-eab1-4c1a-9b48-4ba05db08af2"
"5f38eecb-5866-40a2-af5d-aa40944752f4","27264d57-eab1-4c1a-9b48-4ba05db08af2"
"725a78b5-77c8-4190-acaa-61bb9b2b0cdc","27264d57-eab1-4c1a-9b48-4ba05db08af2"
"5939de19-c01e-4088-af99-a0b178cf8ce0","27264d57-eab1-4c1a-9b48-4ba05db08af2"
"d09ef67a-0fdd-4bdc-b916-dc1114f74264","27264d57-eab1-4c1a-9b48-4ba05db08af2"
"52f817e4-c3f7-4098-afd1-37b5ffaf9546","27264d57-eab1-4c1a-9b48-4ba05db08af2"
"8c038771-c6ca-49c5-8108-26d4b82997c7","27264d57-eab1-4c1a-9b48-4ba05db08af2"
"a267fd77-37fd-4cce-9e4d-33a30923cb1c","27264d57-eab1-4c1a-9b48-4ba05db08af2"
"2d1bc76f-3e9a-461c-8333-24a181ce59ab","27264d57-eab1-4c1a-9b48-4ba05db08af2"
"dc527b5e-79c3-4599-8f78-bed598be6c72","27264d57-eab1-4c1a-9b48-4ba05db08af2"
"5db02a3a-e4cc-4e00-8ec7-ccdd4aaa965d","27264d57-eab1-4c1a-9b48-4ba05db08af2"
"c113ae95-c39e-4ba7-b2d2-ef4a0f67528c","27264d57-eab1-4c1a-9b48-4ba05db08af2"
"8e7df518-d32d-4b2a-b040-d47a50f3b6e2","27264d57-eab1-4c1a-9b48-4ba05db08af2"
"22d08f18-8784-4afc-a823-638cd6c264c2","27264d57-eab1-4c1a-9b48-4ba05db08af2"
"ce447282-e90d-461a-9e27-90503601060e","27264d57-eab1-4c1a-9b48-4ba05db08af2"
"9d3f0254-6538-4b14-91e8-0949b33e1635","27264d57-eab1-4c1a-9b48-4ba05db08af2"
"1c03d8a0-d5ee-41c5-bfe2-046338fdeb8e","27264d57-eab1-4c1a-9b48-4ba05db08af2"
"adbccb10-75a9-4d51-a0f6-c7e9685b1f4c","27264d57-eab1-4c1a-9b48-4ba05db08af2"
"e1b00b41-4ac3-4fc4-a4c2-2cdbaaa69edb","27264d57-eab1-4c1a-9b48-4ba05db08af2"
"b7547dd5-ce1f-455b-9842-829b0dacdd06","27264d57-eab1-4c1a-9b48-4ba05db08af2"
"e746c752-39d4-478d-933d-b526fcbd0da8","27264d57-eab1-4c1a-9b48-4ba05db08af2"
"b2075483-d67d-4e8e-ad01-850e37da73cc","27264d57-eab1-4c1a-9b48-4ba05db08af2"
"623d86ee-3c34-48e2-938b-81f74cc693b6","27264d57-eab1-4c1a-9b48-4ba05db08af2"
"b60d71ac-bd29-45ae-83a8-526ab69f28a8","27264d57-eab1-4c1a-9b48-4ba05db08af2"
"e3120b52-62fa-4dd0-a3dc-66cfa0ba5405","27264d57-eab1-4c1a-9b48-4ba05db08af2"
"06383973-71bd-4b86-a644-7f5843edc182","27264d57-eab1-4c1a-9b48-4ba05db08af2"
"be8b5203-8ed0-40fe-89f8-9c68f79c8c8b","27264d57-eab1-4c1a-9b48-4ba05db08af2"
"49fd4b53-92bb-4433-901f-6ab93b9832c3","27264d57-eab1-4c1a-9b48-4ba05db08af2"
"bcf2324f-cbdb-4fcb-b80b-522555a52c39","27264d57-eab1-4c1a-9b48-4ba05db08af2"
"1d588330-f227-4286-ab33-fe83bdc2a1ea","27264d57-eab1-4c1a-9b48-4ba05db08af2"
"e23b891e-3a12-444c-9992-a642362a07f1","34fbb5ed-358d-4583-bc14-1c2daaa82436"
"e23b891e-3a12-444c-9992-a642362a07f1","d9ed9dec-29db-4931-8f2e-875e62d9fc38"
"0497943d-9173-4a5f-b6ef-47df91d5dd32","27264d57-eab1-4c1a-9b48-4ba05db08af2"
"c111b823-370a-4c8a-b152-736acf6b9a65","27264d57-eab1-4c1a-9b48-4ba05db08af2"
"993045b9-e1b8-430e-bd3c-a8ca3a3badd1","27264d57-eab1-4c1a-9b48-4ba05db08af2"
"27ae7fe3-f8a9-47b8-a321-8823b89bbff1","27264d57-eab1-4c1a-9b48-4ba05db08af2"
"2051e938-1b03-44ac-8870-7a81641739a4","34fbb5ed-358d-4583-bc14-1c2daaa82436"
"f56c2353-4580-4d7e-baf7-a864758748aa","34fbb5ed-358d-4583-bc14-1c2daaa82436"
"912ec051-e08a-48b2-ab5d-8a9892df5a12","d9ed9dec-29db-4931-8f2e-875e62d9fc38"
"912ec051-e08a-48b2-ab5d-8a9892df5a12","34fbb5ed-358d-4583-bc14-1c2daaa82436"
"04a3db64-064a-4cb9-9e7e-52e8da1b55ba","d9ed9dec-29db-4931-8f2e-875e62d9fc38"
"04a3db64-064a-4cb9-9e7e-52e8da1b55ba","34fbb5ed-358d-4583-bc14-1c2daaa82436"
"5b1780e4-2452-45c6-9d46-adae3f89620e","d9ed9dec-29db-4931-8f2e-875e62d9fc38"
"5b1780e4-2452-45c6-9d46-adae3f89620e","34fbb5ed-358d-4583-bc14-1c2daaa82436"
"934634eb-53db-4da7-9506-862a0a0e7e99","d9ed9dec-29db-4931-8f2e-875e62d9fc38"
"934634eb-53db-4da7-9506-862a0a0e7e99","34fbb5ed-358d-4583-bc14-1c2daaa82436"
"5cb1b212-43d0-40a7-b15e-0e59c209c984","d9ed9dec-29db-4931-8f2e-875e62d9fc38"
"5cb1b212-43d0-40a7-b15e-0e59c209c984","34fbb5ed-358d-4583-bc14-1c2daaa82436"
"f3f4ffb3-d3ab-4c4a-af10-1528f6de69fe","34fbb5ed-358d-4583-bc14-1c2daaa82436"
"cd9577c4-a084-4ebf-ab4b-9ae85c267350","d9ed9dec-29db-4931-8f2e-875e62d9fc38"
"7aff436a-6c96-474d-a6e2-8878f08469be","27264d57-eab1-4c1a-9b48-4ba05db08af2"
"30ce6717-0294-4cb8-a1c2-7f7817e6d881","34fbb5ed-358d-4583-bc14-1c2daaa82436"
"3ab69c21-2a97-4b15-a24f-0f0c8bf81130","34fbb5ed-358d-4583-bc14-1c2daaa82436"
"fca5d082-b0f5-4ee3-8d98-8aee5034b911","27264d57-eab1-4c1a-9b48-4ba05db08af2"
"52edb750-fc5b-41b2-8b22-22571373c3fc","d9ed9dec-29db-4931-8f2e-875e62d9fc38"
"52edb750-fc5b-41b2-8b22-22571373c3fc","34fbb5ed-358d-4583-bc14-1c2daaa82436"
"54fd25d2-f103-4494-9943-2c9c10e0ec30","d9ed9dec-29db-4931-8f2e-875e62d9fc38"
"54fd25d2-f103-4494-9943-2c9c10e0ec30","34fbb5ed-358d-4583-bc14-1c2daaa82436"
"1fe7f87e-4995-45e8-b379-500c8ea78373","34fbb5ed-358d-4583-bc14-1c2daaa82436"
"1fe7f87e-4995-45e8-b379-500c8ea78373","d9ed9dec-29db-4931-8f2e-875e62d9fc38"
"1798b71b-5850-459b-bfd0-99bc4d64b75b","27264d57-eab1-4c1a-9b48-4ba05db08af2"
"324c9af0-116b-42d8-9b37-d8900c3b2018","d9ed9dec-29db-4931-8f2e-875e62d9fc38"
"324c9af0-116b-42d8-9b37-d8900c3b2018","34fbb5ed-358d-4583-bc14-1c2daaa82436"
"093162e9-c4db-4961-99e7-64348e73d3a3","34fbb5ed-358d-4583-bc14-1c2daaa82436"
"6b00a693-96dd-41af-bf24-8018321126f9","34fbb5ed-358d-4583-bc14-1c2daaa82436"
"6b00a693-96dd-41af-bf24-8018321126f9","d9ed9dec-29db-4931-8f2e-875e62d9fc38"
"cdc64955-c177-44c3-be77-0cbbcf4b2295","27264d57-eab1-4c1a-9b48-4ba05db08af2"
"d04c66a5-fa7d-45d1-95cc-bc2e27ccffa6","27264d57-eab1-4c1a-9b48-4ba05db08af2"
"ee972a5c-2d94-43ca-9674-80f8378d42ce","34fbb5ed-358d-4583-bc14-1c2daaa82436"
"6c2a624e-1259-4dc6-9d4a-35c83c0dd3ae","34fbb5ed-358d-4583-bc14-1c2daaa82436"
"933e8a1c-6ee2-4419-9f5f-f8f4626f1130","27264d57-eab1-4c1a-9b48-4ba05db08af2"
"e02e624d-4700-4640-bcd2-d0515e82a9fe","27264d57-eab1-4c1a-9b48-4ba05db08af2"
"2a561e72-4bb4-46e2-aad6-cf3d44c16b9d","34fbb5ed-358d-4583-bc14-1c2daaa82436"
"a0b97326-dafe-4f4b-b5bc-63a6d66d25df","d9ed9dec-29db-4931-8f2e-875e62d9fc38"
"a0b97326-dafe-4f4b-b5bc-63a6d66d25df","34fbb5ed-358d-4583-bc14-1c2daaa82436"
"214b2ddf-5bc0-446d-af26-9fe829f00771","34fbb5ed-358d-4583-bc14-1c2daaa82436"
"dccbdc18-2929-411e-a20b-0e35fdd688bd","27264d57-eab1-4c1a-9b48-4ba05db08af2"
"c4a9921c-3b98-45df-9cc3-d460ecaf4642","27264d57-eab1-4c1a-9b48-4ba05db08af2"
"3faabee8-f6ab-462a-8f1a-e39feaab1112","d9ed9dec-29db-4931-8f2e-875e62d9fc38"
"3faabee8-f6ab-462a-8f1a-e39feaab1112","34fbb5ed-358d-4583-bc14-1c2daaa82436"
"1c2c1def-308c-4d34-88fa-34dc4beb207a","27264d57-eab1-4c1a-9b48-4ba05db08af2"
"f18e514f-515b-4b70-99a8-5b5dc40b8708","34fbb5ed-358d-4583-bc14-1c2daaa82436"
"16b22795-2327-40b1-ab5e-be098a100a4c","d9ed9dec-29db-4931-8f2e-875e62d9fc38"
"ae4aaa6b-873a-4e19-bc43-401131654ef3","34fbb5ed-358d-4583-bc14-1c2daaa82436"
"83a1c5ce-22de-4a0f-81ba-73d646df68f7","27264d57-eab1-4c1a-9b48-4ba05db08af2"
"52cb60dc-9f12-4592-a4cd-faa2e201b8e0","27264d57-eab1-4c1a-9b48-4ba05db08af2"
"ff60b82d-2099-4e83-ac20-886f644f90f0","34fbb5ed-358d-4583-bc14-1c2daaa82436"
"40001e24-d806-4978-9a74-599cef3ea913","d9ed9dec-29db-4931-8f2e-875e62d9fc38"
"0abecd6e-61e7-4a6c-8591-88cdd49b46f0","d9ed9dec-29db-4931-8f2e-875e62d9fc38"
"0abecd6e-61e7-4a6c-8591-88cdd49b46f0","34fbb5ed-358d-4583-bc14-1c2daaa82436"
"c45b7ff9-b1a3-479b-b55f-dccb4cf80572","27264d57-eab1-4c1a-9b48-4ba05db08af2"
"fbb73da3-beea-47ae-9a55-8cdc488a1816","27264d57-eab1-4c1a-9b48-4ba05db08af2"
"d8e61a94-5394-4335-851d-52f89cc83034","34fbb5ed-358d-4583-bc14-1c2daaa82436"
"39c72fb9-1a85-4d38-bcca-9a7486194797","27264d57-eab1-4c1a-9b48-4ba05db08af2"
"679c0312-a1e0-434f-98e5-5efb1daac113","d9ed9dec-29db-4931-8f2e-875e62d9fc38"
"679c0312-a1e0-434f-98e5-5efb1daac113","34fbb5ed-358d-4583-bc14-1c2daaa82436"
"03548e88-f280-407f-ad99-542d2387eda0","34fbb5ed-358d-4583-bc14-1c2daaa82436"
"485fdf7d-52ef-4f0c-8d5b-690d1431c7c9","27264d57-eab1-4c1a-9b48-4ba05db08af2"
"edc35543-cfc7-48be-a03a-aab05066b563","27264d57-eab1-4c1a-9b48-4ba05db08af2"
"d7250169-901f-46e1-9f3c-75044cf8057e","34fbb5ed-358d-4583-bc14-1c2daaa82436"
"ec9a2473-6664-4b33-90b8-09334b6c0dec","34fbb5ed-358d-4583-bc14-1c2daaa82436"
"ae1aedb8-c85e-482e-a8ae-98688499290d","d9ed9dec-29db-4931-8f2e-875e62d9fc38"
"1e969f1e-d354-4625-a17c-f7577a5572a9","d9ed9dec-29db-4931-8f2e-875e62d9fc38"
"eebebc3c-dc65-40e3-b043-d0fb1a0bdb0a","34fbb5ed-358d-4583-bc14-1c2daaa82436"
"eebebc3c-dc65-40e3-b043-d0fb1a0bdb0a","d9ed9dec-29db-4931-8f2e-875e62d9fc38"
"74fecd73-80b1-4738-9671-efbe02ddda18","d9ed9dec-29db-4931-8f2e-875e62d9fc38"
"d25e625f-9270-49be-b14a-7b2b88f31ab9","27264d57-eab1-4c1a-9b48-4ba05db08af2"
"ce2bcff9-a39e-49bc-9b89-931e6059ab75","27264d57-eab1-4c1a-9b48-4ba05db08af2"
"5db50a5c-48ba-4fe7-a4c6-6b1863b401e3","27264d57-eab1-4c1a-9b48-4ba05db08af2"
"d85aac72-56a1-4b0e-af3b-9b08b529166c","d9ed9dec-29db-4931-8f2e-875e62d9fc38"
"685644bd-b3ba-4736-816f-0a17dbf58536","27264d57-eab1-4c1a-9b48-4ba05db08af2"
"95c5c025-bd5e-43cc-9adf-439c925e67f6","34fbb5ed-358d-4583-bc14-1c2daaa82436"
"2071219d-3d02-4c2c-af0d-1e289316cb53","34fbb5ed-358d-4583-bc14-1c2daaa82436"
"c8060396-29d3-4205-87f7-9f241089ec6b","27264d57-eab1-4c1a-9b48-4ba05db08af2"
"818aece3-1fdb-4e42-b7d4-860a5582ffad","27264d57-eab1-4c1a-9b48-4ba05db08af2"
"23da63d9-bdf7-4735-9726-2a325c935216","d9ed9dec-29db-4931-8f2e-875e62d9fc38"
"4a999b08-2c2e-4310-b174-894069ff4a48","d9ed9dec-29db-4931-8f2e-875e62d9fc38"
"59163659-dbef-465a-bd7e-24f988124e55","34fbb5ed-358d-4583-bc14-1c2daaa82436"
"0f1626b9-33d5-440f-9e15-da579beb13e7","d9ed9dec-29db-4931-8f2e-875e62d9fc38"
"0f1626b9-33d5-440f-9e15-da579beb13e7","34fbb5ed-358d-4583-bc14-1c2daaa82436"
"45361bc5-21c7-4769-bad9-f30d5b4d0ac4","27264d57-eab1-4c1a-9b48-4ba05db08af2"
"4e5ee226-f12b-4974-ad3c-cc33a1c2e653","27264d57-eab1-4c1a-9b48-4ba05db08af2"
"21f1c07c-469d-46ae-949e-29a6c1728eb4","27264d57-eab1-4c1a-9b48-4ba05db08af2"
"12209524-95bc-451f-8838-9446046d5a18","34fbb5ed-358d-4583-bc14-1c2daaa82436"
"12209524-95bc-451f-8838-9446046d5a18","d9ed9dec-29db-4931-8f2e-875e62d9fc38"
"98e8b96d-66c8-4a5f-9595-60d4f128cad5","34fbb5ed-358d-4583-bc14-1c2daaa82436"
"98e8b96d-66c8-4a5f-9595-60d4f128cad5","d9ed9dec-29db-4931-8f2e-875e62d9fc38"
"9e2a0172-9b37-49d2-bcf3-dc96aee49cea","27264d57-eab1-4c1a-9b48-4ba05db08af2"
"50ead13e-284a-4096-add4-22cea656f1c6","27264d57-eab1-4c1a-9b48-4ba05db08af2"
"bf07c4e7-ab9e-4bc1-954b-7b5689a6532a","34fbb5ed-358d-4583-bc14-1c2daaa82436"
"bf07c4e7-ab9e-4bc1-954b-7b5689a6532a","d9ed9dec-29db-4931-8f2e-875e62d9fc38"
"1f54fbdd-8645-4ca6-a94c-5e5391e02f8a","27264d57-eab1-4c1a-9b48-4ba05db08af2"
"0bc2a15b-0996-4a11-ae04-5ccf259b4209","34fbb5ed-358d-4583-bc14-1c2daaa82436"
"091573ab-4020-4ed4-9c71-220df9bf3636","d9ed9dec-29db-4931-8f2e-875e62d9fc38"
"091573ab-4020-4ed4-9c71-220df9bf3636","34fbb5ed-358d-4583-bc14-1c2daaa82436"
"29c0cf9e-df7a-4cad-8b66-03584aa5f360","27264d57-eab1-4c1a-9b48-4ba05db08af2"
"285ba7be-8028-495f-8f10-54780830c623","d9ed9dec-29db-4931-8f2e-875e62d9fc38"
"fdad9d0f-0194-43bb-bf68-b8cede9029cf","d9ed9dec-29db-4931-8f2e-875e62d9fc38"
"58989166-4305-4b83-b097-8ac0ac5badbb","34fbb5ed-358d-4583-bc14-1c2daaa82436"
"58989166-4305-4b83-b097-8ac0ac5badbb","d9ed9dec-29db-4931-8f2e-875e62d9fc38"
"298e2a65-cedd-46a8-9533-d1fc539ff9bb","27264d57-eab1-4c1a-9b48-4ba05db08af2"
"cdad971a-3d88-430e-8bb9-09dbf6abd8b6","27264d57-eab1-4c1a-9b48-4ba05db08af2"
"68d3f91e-4c22-4ba0-b649-f14745d36b84","34fbb5ed-358d-4583-bc14-1c2daaa82436"
"c75ef94b-71e2-49f9-ab64-db6039682ab3","27264d57-eab1-4c1a-9b48-4ba05db08af2"
"410204de-c2a3-4bc0-baf1-c55f727388ec","d9ed9dec-29db-4931-8f2e-875e62d9fc38"
"e7c40d0b-7a10-4c74-ba83-a363d910a4fe","34fbb5ed-358d-4583-bc14-1c2daaa82436"
"fde07c8e-4b1b-449f-a6f4-dcd09c0988eb","d9ed9dec-29db-4931-8f2e-875e62d9fc38"
"fde07c8e-4b1b-449f-a6f4-dcd09c0988eb","34fbb5ed-358d-4583-bc14-1c2daaa82436"
"7778fd15-579f-4d15-8555-3ae528a3f403","34fbb5ed-358d-4583-bc14-1c2daaa82436"
"c93d2368-68ef-4d41-9aa2-04c33209e073","27264d57-eab1-4c1a-9b48-4ba05db08af2"
"d198b24a-4a2a-4263-b638-ab949a704d67","d9ed9dec-29db-4931-8f2e-875e62d9fc38"
"d198b24a-4a2a-4263-b638-ab949a704d67","34fbb5ed-358d-4583-bc14-1c2daaa82436"
"fe7028c4-e8e4-40c9-bf24-c051a771d034","34fbb5ed-358d-4583-bc14-1c2daaa82436"
"497dfeda-3071-4915-a7ff-0f4d1765155b","d9ed9dec-29db-4931-8f2e-875e62d9fc38"
"26c70f45-2d41-4a2d-a13b-ef2acb9e9184","34fbb5ed-358d-4583-bc14-1c2daaa82436"
"a4574bc5-61da-43f9-82b5-6ef72d0155ff","27264d57-eab1-4c1a-9b48-4ba05db08af2"
"51c11fa8-fad1-477b-a8e5-39a6522c64d8","27264d57-eab1-4c1a-9b48-4ba05db08af2"
"c693cbf7-add2-45c5-95f8-f4414dd78079","34fbb5ed-358d-4583-bc14-1c2daaa82436"
"0a94f631-8d0f-4c39-be99-63d3189e0eb3","34fbb5ed-358d-4583-bc14-1c2daaa82436"
"0667ee65-e31f-444c-8efe-320b5e8b5a48","d9ed9dec-29db-4931-8f2e-875e62d9fc38"
"6ab6759b-9498-43a1-a23a-2c67b811d5dc","27264d57-eab1-4c1a-9b48-4ba05db08af2"
"d0a8ff54-611d-4846-a53a-5a9f51b9e296","34fbb5ed-358d-4583-bc14-1c2daaa82436"
"1d065168-443b-4294-a007-b798628822b5","27264d57-eab1-4c1a-9b48-4ba05db08af2"
"a1eca035-1b94-47d9-9863-8e6471d4c2c2","34fbb5ed-358d-4583-bc14-1c2daaa82436"
"a19ab1ff-9eb7-4de4-aa0d-810f92cb4519","34fbb5ed-358d-4583-bc14-1c2daaa82436"
"f8f75cc3-24be-444a-b0ac-1c793e09b1f3","27264d57-eab1-4c1a-9b48-4ba05db08af2"
"ba5390a2-b5ed-4074-90c1-a839aad6ba10","d9ed9dec-29db-4931-8f2e-875e62d9fc38"
"6629fe09-d726-4166-8508-86f4add94b3e","34fbb5ed-358d-4583-bc14-1c2daaa82436"
"53e09b97-172b-44ee-bff9-6f56eac12223","27264d57-eab1-4c1a-9b48-4ba05db08af2"
"3ea7be1a-0e21-4dfe-8c97-2188000e75e6","27264d57-eab1-4c1a-9b48-4ba05db08af2"
"1a934389-97a0-4ff9-ab8f-b0a3607593ce","34fbb5ed-358d-4583-bc14-1c2daaa82436"
"fa2a0b52-4b65-4265-84f0-8ff2541662e1","34fbb5ed-358d-4583-bc14-1c2daaa82436"
"404de4f8-9371-42be-a422-9c3a379ce897","d9ed9dec-29db-4931-8f2e-875e62d9fc38"
"cebc84cd-5609-460c-8ccb-bbf1bb4896f1","27264d57-eab1-4c1a-9b48-4ba05db08af2"
"54242faa-d0e2-433b-b5f8-7b131186b16b","27264d57-eab1-4c1a-9b48-4ba05db08af2"
"44ab6121-60ee-448f-b9af-cb4b0f07d47b","34fbb5ed-358d-4583-bc14-1c2daaa82436"
"f5d47a11-12b8-411c-b6c4-0f039ae9edc2","d9ed9dec-29db-4931-8f2e-875e62d9fc38"
"eca28dd6-da99-4999-a26a-134a155240af","27264d57-eab1-4c1a-9b48-4ba05db08af2"
"eca28dd6-da99-4999-a26a-134a155240af","34fbb5ed-358d-4583-bc14-1c2daaa82436"
"7bbed1eb-4ef4-4ff2-b327-7c9073b0fadb","34fbb5ed-358d-4583-bc14-1c2daaa82436"
"ce709a4f-dfb6-4307-84a1-f01ae74141b7","d9ed9dec-29db-4931-8f2e-875e62d9fc38"
"ce709a4f-dfb6-4307-84a1-f01ae74141b7","34fbb5ed-358d-4583-bc14-1c2daaa82436"
"0fc1dbe4-c3d2-4d13-bdfa-12405523ba0a","34fbb5ed-358d-4583-bc14-1c2daaa82436"
"f5246bef-8852-4844-8016-1f8208897cbf","d9ed9dec-29db-4931-8f2e-875e62d9fc38"
"37f04aef-7d92-4bff-89d9-643a529c91aa","27264d57-eab1-4c1a-9b48-4ba05db08af2"
"37f04aef-7d92-4bff-89d9-643a529c91aa","34fbb5ed-358d-4583-bc14-1c2daaa82436"
"3c9c759c-5630-4af2-99fa-b80efadc05f7","d9ed9dec-29db-4931-8f2e-875e62d9fc38"
"c2cffce9-d48b-4d37-871a-3e6cba38c93f","34fbb5ed-358d-4583-bc14-1c2daaa82436"
"b3cea66d-8aa5-41e6-9cac-7b224785e75e","d9ed9dec-29db-4931-8f2e-875e62d9fc38"
"26cc7a8a-d840-4990-81aa-cc69680e7af0","34fbb5ed-358d-4583-bc14-1c2daaa82436"
"5f28b363-4db1-477f-9d5d-3244f645559d","34fbb5ed-358d-4583-bc14-1c2daaa82436"
"7240037f-40fb-4847-97a7-ce8ce9c5c992","27264d57-eab1-4c1a-9b48-4ba05db08af2"
"1a857fe3-de9b-4f00-bedb-77b7d29fffb0","d9ed9dec-29db-4931-8f2e-875e62d9fc38"
"1a857fe3-de9b-4f00-bedb-77b7d29fffb0","34fbb5ed-358d-4583-bc14-1c2daaa82436"
"df4b9396-0523-46d0-895e-28e28ab850dd","d9ed9dec-29db-4931-8f2e-875e62d9fc38"
"df4b9396-0523-46d0-895e-28e28ab850dd","34fbb5ed-358d-4583-bc14-1c2daaa82436"
"009a9fe4-8710-43f6-9049-2add3e8df33b","34fbb5ed-358d-4583-bc14-1c2daaa82436"
"a7fe12a0-4136-431b-8093-9a7ac7ec34b7","34fbb5ed-358d-4583-bc14-1c2daaa82436"
"a7fe12a0-4136-431b-8093-9a7ac7ec34b7","d9ed9dec-29db-4931-8f2e-875e62d9fc38"
"80c24dce-3fc9-4437-b40d-a2c40fa47baf","27264d57-eab1-4c1a-9b48-4ba05db08af2"
"9e40cb40-ba01-48d1-8bc0-a46e36d14b30","34fbb5ed-358d-4583-bc14-1c2daaa82436"
"58b8a5d3-6b7a-48c3-b795-648a89509e0c","d9ed9dec-29db-4931-8f2e-875e62d9fc38"
"e022e02f-c0bd-4391-ad50-d6e8063ed26f","34fbb5ed-358d-4583-bc14-1c2daaa82436"
"1816e65d-e9c5-4ff8-8d5c-108ff461d78a","34fbb5ed-358d-4583-bc14-1c2daaa82436"
"eaa3c35e-a312-46c9-bd50-0c5cfc19cfbb","34fbb5ed-358d-4583-bc14-1c2daaa82436"
"eaa3c35e-a312-46c9-bd50-0c5cfc19cfbb","27264d57-eab1-4c1a-9b48-4ba05db08af2"
"16fa826f-e76b-4e21-a4a5-e195adcf8b69","d9ed9dec-29db-4931-8f2e-875e62d9fc38"
"86164736-53f2-4c28-9322-08d6c16a7ff6","34fbb5ed-358d-4583-bc14-1c2daaa82436"
"86164736-53f2-4c28-9322-08d6c16a7ff6","d9ed9dec-29db-4931-8f2e-875e62d9fc38"
"e483972b-31b4-40b1-b918-70ee0e9e2280","34fbb5ed-358d-4583-bc14-1c2daaa82436"
"409f99d4-56c4-4ed1-9f25-f8f280297333","34fbb5ed-358d-4583-bc14-1c2daaa82436"
"3c56c589-4951-4fde-9224-d00a0ac816ff","34fbb5ed-358d-4583-bc14-1c2daaa82436"
"232367cf-3f1c-42ac-a5f0-cf3312135f49","34fbb5ed-358d-4583-bc14-1c2daaa82436"
"a06b0312-d422-4fe6-ba37-ef632e01d9e8","34fbb5ed-358d-4583-bc14-1c2daaa82436"
"a06b0312-d422-4fe6-ba37-ef632e01d9e8","27264d57-eab1-4c1a-9b48-4ba05db08af2"
"0c2d2473-0f2f-4b92-be5c-e01e7fa34030","34fbb5ed-358d-4583-bc14-1c2daaa82436"
"0c2d2473-0f2f-4b92-be5c-e01e7fa34030","27264d57-eab1-4c1a-9b48-4ba05db08af2"
"77eb30d5-df31-4ab9-9289-5159f9c970d1","27264d57-eab1-4c1a-9b48-4ba05db08af2"
"77eb30d5-df31-4ab9-9289-5159f9c970d1","34fbb5ed-358d-4583-bc14-1c2daaa82436"
"52e9a0ff-fefe-451f-8d74-61dcfcc1d305","27264d57-eab1-4c1a-9b48-4ba05db08af2"
"f23cfb92-db5d-490b-b45c-c3a3190128f7","27264d57-eab1-4c1a-9b48-4ba05db08af2"
"bad7ab6b-371f-4a61-b141-cc33bc08fbc0","27264d57-eab1-4c1a-9b48-4ba05db08af2"
"bad7ab6b-371f-4a61-b141-cc33bc08fbc0","34fbb5ed-358d-4583-bc14-1c2daaa82436"
"fd40de3f-e528-4a39-ac90-730c0f230734","34fbb5ed-358d-4583-bc14-1c2daaa82436"
"3622a145-d233-4e36-a7c8-ef29677abff8","34fbb5ed-358d-4583-bc14-1c2daaa82436"
"3622a145-d233-4e36-a7c8-ef29677abff8","d9ed9dec-29db-4931-8f2e-875e62d9fc38"
"4136ed5d-7d80-463b-86ab-6b72bca573e6","d9ed9dec-29db-4931-8f2e-875e62d9fc38"
"ade4caf9-57cb-46ba-bb6d-56be06d725de","34fbb5ed-358d-4583-bc14-1c2daaa82436"
"503fdc54-413b-4263-99a4-71c964553e2f","34fbb5ed-358d-4583-bc14-1c2daaa82436"
"b535a77d-902e-4ef6-8370-05d962da8b61","34fbb5ed-358d-4583-bc14-1c2daaa82436"
"6ff5a6f0-46af-42d4-8895-96385d73e7a8","34fbb5ed-358d-4583-bc14-1c2daaa82436"
"b25343ad-af51-48dd-a3fe-d1f6e1d44e88","d9ed9dec-29db-4931-8f2e-875e62d9fc38"
"451dec0f-2ced-4650-8ed3-7f19550a33a7","34fbb5ed-358d-4583-bc14-1c2daaa82436"
"578c3398-1677-4571-832b-d1153b94afd9","34fbb5ed-358d-4583-bc14-1c2daaa82436"
"7509b223-addb-4c84-848b-abcf919154b6","34fbb5ed-358d-4583-bc14-1c2daaa82436"
"61bcc5ba-3848-4800-8b7e-5c04e3489723","34fbb5ed-358d-4583-bc14-1c2daaa82436"
"974b296e-61bb-401a-9625-65b2ba37aabe","34fbb5ed-358d-4583-bc14-1c2daaa82436"
"60ef5c96-8217-44d2-9e41-30a697900797","34fbb5ed-358d-4583-bc14-1c2daaa82436"
"ba61e0f6-198f-479e-a5ca-f93ab608daac","27264d57-eab1-4c1a-9b48-4ba05db08af2"
"ba61e0f6-198f-479e-a5ca-f93ab608daac","34fbb5ed-358d-4583-bc14-1c2daaa82436"
"0e385574-e3df-4166-8e1d-4f113eda91d9","34fbb5ed-358d-4583-bc14-1c2daaa82436"
"8d01a476-48c6-4a5c-af41-d845dfab39a6","d9ed9dec-29db-4931-8f2e-875e62d9fc38"
"89c15ea6-8c54-446c-9086-65200a9ce17e","34fbb5ed-358d-4583-bc14-1c2daaa82436"
"89c15ea6-8c54-446c-9086-65200a9ce17e","27264d57-eab1-4c1a-9b48-4ba05db08af2"
"337c8bc1-4f94-44a7-bf9c-c43866df84b3","d9ed9dec-29db-4931-8f2e-875e62d9fc38"
"fd0e2b0a-58f7-498b-93b5-6528e02971af","34fbb5ed-358d-4583-bc14-1c2daaa82436"
"fd0e2b0a-58f7-498b-93b5-6528e02971af","d9ed9dec-29db-4931-8f2e-875e62d9fc38"
"576466a3-6224-4b16-81a6-49dfe09f4827","34fbb5ed-358d-4583-bc14-1c2daaa82436"
"45901bb9-f84c-470e-8859-c24a878ad3ec","34fbb5ed-358d-4583-bc14-1c2daaa82436"
"ead0e4ab-15a7-452d-b976-9dea03153f9d","27264d57-eab1-4c1a-9b48-4ba05db08af2"
"24d6d164-a8e9-4de9-9d9d-5d39bf6bf413","34fbb5ed-358d-4583-bc14-1c2daaa82436"
"24d6d164-a8e9-4de9-9d9d-5d39bf6bf413","d9ed9dec-29db-4931-8f2e-875e62d9fc38"
"4a15f1ae-1ca0-42c0-b84a-c9b30dcdc72a","34fbb5ed-358d-4583-bc14-1c2daaa82436"
"55be4d21-2fa8-4b55-988a-08454fc0ad2b","27264d57-eab1-4c1a-9b48-4ba05db08af2"
"f82ccc45-e700-4c06-bf4a-4bc4c5254c2e","34fbb5ed-358d-4583-bc14-1c2daaa82436"
"e6a9f23f-483f-4903-9965-1264ea7e7747","27264d57-eab1-4c1a-9b48-4ba05db08af2"
"41e97962-fada-423f-b23a-e757304be5cc","d9ed9dec-29db-4931-8f2e-875e62d9fc38"
"5662ab13-eb37-4edb-ab93-c081957168fa","34fbb5ed-358d-4583-bc14-1c2daaa82436"
"205b2f83-526e-4dc1-a76e-1feefee29883","34fbb5ed-358d-4583-bc14-1c2daaa82436"
"21647519-74a6-4109-b188-cd685b034c06","34fbb5ed-358d-4583-bc14-1c2daaa82436"
"cc180aa2-8613-4bea-96fa-8a1286b8d8c2","27264d57-eab1-4c1a-9b48-4ba05db08af2"
"65463d1b-ab11-4e34-bf07-0c2fa4312561","34fbb5ed-358d-4583-bc14-1c2daaa82436"
"acc47941-c533-4303-a622-0ac0e08a7742","34fbb5ed-358d-4583-bc14-1c2daaa82436"
"dbecee4b-5f3f-4d26-a999-fcdecb5ba764","34fbb5ed-358d-4583-bc14-1c2daaa82436"
"29821209-b66a-4c5b-9ae5-b18ad49be9bf","34fbb5ed-358d-4583-bc14-1c2daaa82436"
"daf25a4a-d64c-4597-a946-4ef0ad094ed2","27264d57-eab1-4c1a-9b48-4ba05db08af2"
"daf25a4a-d64c-4597-a946-4ef0ad094ed2","34fbb5ed-358d-4583-bc14-1c2daaa82436"
"8e721d9f-4b2e-46a4-abd0-fe5c57e9a025","34fbb5ed-358d-4583-bc14-1c2daaa82436"
"e3964195-a392-4f83-9c49-59e27f43b70d","34fbb5ed-358d-4583-bc14-1c2daaa82436"
"7ca6e859-498f-48bb-a568-99db906a3103","34fbb5ed-358d-4583-bc14-1c2daaa82436"
"50acb7af-abca-431e-9517-d327e6125ab5","d9ed9dec-29db-4931-8f2e-875e62d9fc38"
"ab114024-2c58-4409-8ee8-72b6ef70b1da","27264d57-eab1-4c1a-9b48-4ba05db08af2"
"014d71cf-39da-4435-bb77-ed52a6d46e46","27264d57-eab1-4c1a-9b48-4ba05db08af2"
"26634051-876a-42e1-ba28-0e1b0b3a4e75","d9ed9dec-29db-4931-8f2e-875e62d9fc38"
"156a9d9c-6377-480a-8c2e-2b6d2c475e3f","34fbb5ed-358d-4583-bc14-1c2daaa82436"
"28c9da31-71a6-4192-a171-6e765d5ab5f7","27264d57-eab1-4c1a-9b48-4ba05db08af2"
"d2114af0-b82c-4741-95ca-b80df0be3afd","34fbb5ed-358d-4583-bc14-1c2daaa82436"
"362d4e22-125d-450b-bb3a-117070ac0a9f","34fbb5ed-358d-4583-bc14-1c2daaa82436"
"9d55c23a-20fb-40e0-b08a-99e600c895de","34fbb5ed-358d-4583-bc14-1c2daaa82436"
"9d55c23a-20fb-40e0-b08a-99e600c895de","d9ed9dec-29db-4931-8f2e-875e62d9fc38"
"7880b814-5e72-43ec-82e7-b6ee62bb1fe4","d9ed9dec-29db-4931-8f2e-875e62d9fc38"
"3df66c51-dc13-4dd3-a011-a7f0d5f57282","34fbb5ed-358d-4583-bc14-1c2daaa82436"
"8a6eb55d-5172-45da-a379-95213c478578","34fbb5ed-358d-4583-bc14-1c2daaa82436"
"4f89ffa5-cfef-4c69-bf21-d26f98d4dae8","34fbb5ed-358d-4583-bc14-1c2daaa82436"
"4f89ffa5-cfef-4c69-bf21-d26f98d4dae8","d9ed9dec-29db-4931-8f2e-875e62d9fc38"
"666c85f9-ea93-400c-918c-c47521d0ad89","27264d57-eab1-4c1a-9b48-4ba05db08af2"
"6dcadd0d-b3ca-4bdb-a990-cf2320a3aa1e","27264d57-eab1-4c1a-9b48-4ba05db08af2"
"259d57c6-af9c-4cbe-bb4f-53a13108f50f","34fbb5ed-358d-4583-bc14-1c2daaa82436"
"57c9bcd3-b111-4c4f-9b71-9acb8fc0f675","34fbb5ed-358d-4583-bc14-1c2daaa82436"
"201e8ac4-470a-4f78-bde7-af470a3212c8","34fbb5ed-358d-4583-bc14-1c2daaa82436"
"201e8ac4-470a-4f78-bde7-af470a3212c8","d9ed9dec-29db-4931-8f2e-875e62d9fc38"
"d2e211e3-9a45-4b32-9907-705e3dfea9ab","34fbb5ed-358d-4583-bc14-1c2daaa82436"
"ff14a7e4-21c7-49b0-a366-3344ea993c50","d9ed9dec-29db-4931-8f2e-875e62d9fc38"
"ff14a7e4-21c7-49b0-a366-3344ea993c50","34fbb5ed-358d-4583-bc14-1c2daaa82436"
"bf534ad5-d19a-478a-b200-1c8c89423217","34fbb5ed-358d-4583-bc14-1c2daaa82436"
"cbbf80a1-8852-4172-830f-77705020b611","27264d57-eab1-4c1a-9b48-4ba05db08af2"
"fb74f428-1021-4d6a-936c-45ea2919d800","34fbb5ed-358d-4583-bc14-1c2daaa82436"
"4d76fa15-3d4e-44f6-a79a-18fd87a8c557","34fbb5ed-358d-4583-bc14-1c2daaa82436"
"584a8178-1e83-4537-845e-ab53f02af544","27264d57-eab1-4c1a-9b48-4ba05db08af2"
"d203f770-147d-4b55-a282-80ad3f0c5022","34fbb5ed-358d-4583-bc14-1c2daaa82436"
"c211861f-04c9-46a7-bc88-bb845429e12c","d9ed9dec-29db-4931-8f2e-875e62d9fc38"
"ae80f494-539f-4898-9943-3b515c892d8f","34fbb5ed-358d-4583-bc14-1c2daaa82436"
"9f7c2159-06c5-4b8d-8c76-c72d28880d11","34fbb5ed-358d-4583-bc14-1c2daaa82436"
"e755d35b-57ab-436c-9010-0734ac5cdaba","34fbb5ed-358d-4583-bc14-1c2daaa82436"
"fdcaa55f-6316-40cc-8271-fc68338d7db0","34fbb5ed-358d-4583-bc14-1c2daaa82436"
"416c4e09-7ef5-496f-9b30-785b61f7336a","d9ed9dec-29db-4931-8f2e-875e62d9fc38"
"20e4198f-73b8-4405-a1a3-f96d13f05ddb","34fbb5ed-358d-4583-bc14-1c2daaa82436"
"20e4198f-73b8-4405-a1a3-f96d13f05ddb","d9ed9dec-29db-4931-8f2e-875e62d9fc38"
"c03f45e3-54bc-40f9-ae44-4334bcbfe9ec","d9ed9dec-29db-4931-8f2e-875e62d9fc38"
"c03f45e3-54bc-40f9-ae44-4334bcbfe9ec","34fbb5ed-358d-4583-bc14-1c2daaa82436"
"9c0b435a-2ebf-46f2-9526-bb396faf93ef","34fbb5ed-358d-4583-bc14-1c2daaa82436"
"751d7f08-170b-4100-8448-442f4ed8b755","34fbb5ed-358d-4583-bc14-1c2daaa82436"
"fb71fa16-644c-49d0-9e68-43a469efca9b","27264d57-eab1-4c1a-9b48-4ba05db08af2"
"fb71fa16-644c-49d0-9e68-43a469efca9b","34fbb5ed-358d-4583-bc14-1c2daaa82436"
"19b2e290-7cc4-4e85-959f-c05a9ae9a57b","27264d57-eab1-4c1a-9b48-4ba05db08af2"
"36834ea5-b550-4b2f-bd43-520b370411f5","d9ed9dec-29db-4931-8f2e-875e62d9fc38"
"cd484f0a-d1cc-440e-a1e9-619c259c6950","34fbb5ed-358d-4583-bc14-1c2daaa82436"
"3a9a11df-7c48-4ddb-994f-5dc63cfb0038","34fbb5ed-358d-4583-bc14-1c2daaa82436"
"575cb86f-8248-4ca8-a30d-79e0d99bbd45","34fbb5ed-358d-4583-bc14-1c2daaa82436"
"70425065-34bd-4d1d-86b2-2afcca730446","d9ed9dec-29db-4931-8f2e-875e62d9fc38"
"70425065-34bd-4d1d-86b2-2afcca730446","34fbb5ed-358d-4583-bc14-1c2daaa82436"
"88dd698f-a8f5-4e47-a4dd-b3591c2a745b","d9ed9dec-29db-4931-8f2e-875e62d9fc38"
"a67db451-97fc-4e83-b150-ca0d95000418","34fbb5ed-358d-4583-bc14-1c2daaa82436"
"e1f92ec2-f5bc-41d4-a195-0194168e5370","d9ed9dec-29db-4931-8f2e-875e62d9fc38"
"5272d0b4-7e01-4793-8279-918ed5d3df1e","34fbb5ed-358d-4583-bc14-1c2daaa82436"
"79dc4eae-c03f-4344-a534-448489b22d25","34fbb5ed-358d-4583-bc14-1c2daaa82436"
"85d24c9e-bd56-494d-94e4-b010af0148ee","34fbb5ed-358d-4583-bc14-1c2daaa82436"
"53876812-9c55-46c8-9f9b-80bd56d7a7b4","27264d57-eab1-4c1a-9b48-4ba05db08af2"
"9d2bd0ca-37f1-41d8-89eb-a2d7834dcee9","34fbb5ed-358d-4583-bc14-1c2daaa82436"
"031f41ef-d5be-4bac-a565-f6ef5965bc1e","34fbb5ed-358d-4583-bc14-1c2daaa82436"
"23fc5252-8aed-45c9-af16-7ad336834d80","34fbb5ed-358d-4583-bc14-1c2daaa82436"
"dab1c85c-54ec-4518-bb51-4280dac9b4ca","d9ed9dec-29db-4931-8f2e-875e62d9fc38"
"37aee830-39b8-4cc2-9cbf-eece81d9f7e4","34fbb5ed-358d-4583-bc14-1c2daaa82436"
"888ea9ab-8529-458b-bd86-1871f783c1d8","34fbb5ed-358d-4583-bc14-1c2daaa82436"
"b2616485-a509-4970-8952-736bff9069d2","d9ed9dec-29db-4931-8f2e-875e62d9fc38"
"ec330428-c8f9-4427-8bdc-32e3400eefb9","34fbb5ed-358d-4583-bc14-1c2daaa82436"
"85ffb4b4-67ee-492e-a835-94fc762e623b","d9ed9dec-29db-4931-8f2e-875e62d9fc38"
"e987269c-5f48-4765-a87a-17c892e8e204","d9ed9dec-29db-4931-8f2e-875e62d9fc38"
"a1a01939-1098-4016-82a5-ea6d4dfd3f73","34fbb5ed-358d-4583-bc14-1c2daaa82436"
"9983549a-7e6b-48e2-b95a-eeec8db71b4a","d9ed9dec-29db-4931-8f2e-875e62d9fc38"
"af29a37b-f248-4b4a-99f7-7e9755f4bcc8","34fbb5ed-358d-4583-bc14-1c2daaa82436"
"72bff9d7-05e7-4cfa-a695-02965a8bc6e2","34fbb5ed-358d-4583-bc14-1c2daaa82436"
"c8405e51-7599-4f35-9d54-c8bdff389065","34fbb5ed-358d-4583-bc14-1c2daaa82436"
"bf8d860e-c2b5-44d9-971d-d4d4f6170308","34fbb5ed-358d-4583-bc14-1c2daaa82436"
"b76bde3d-b179-40e0-8170-13b4a6bcef5e","34fbb5ed-358d-4583-bc14-1c2daaa82436"
"9cf14e2f-af20-4e22-b4e1-02465e5e1a73","d9ed9dec-29db-4931-8f2e-875e62d9fc38"
"f47c41c4-95b6-4714-86a5-f501565ffed9","d9ed9dec-29db-4931-8f2e-875e62d9fc38"
"bd1d0bd5-75dc-4d9f-96f9-792165f716c5","34fbb5ed-358d-4583-bc14-1c2daaa82436"
"3184f968-242b-4773-8bfe-d0d647f38c76","34fbb5ed-358d-4583-bc14-1c2daaa82436"
"497452d4-7ee9-4400-8608-280e0c795fec","34fbb5ed-358d-4583-bc14-1c2daaa82436"
"7d74441a-7aba-4c5e-9ca2-b5e371e30465","34fbb5ed-358d-4583-bc14-1c2daaa82436"
"fc994a09-2d8c-4265-adaf-863f3f29041e","34fbb5ed-358d-4583-bc14-1c2daaa82436"
"c8d5717e-dd3b-469f-bfd2-078cf435d81f","34fbb5ed-358d-4583-bc14-1c2daaa82436"
"02d6a7a1-65f6-4d00-be9b-9d79753928ad","34fbb5ed-358d-4583-bc14-1c2daaa82436"
"eb24b30c-0c31-437b-8bec-8deb286f11d2","34fbb5ed-358d-4583-bc14-1c2daaa82436"
"f3214e24-e1d4-4284-a76a-eaf6f47942c8","34fbb5ed-358d-4583-bc14-1c2daaa82436"
"f3214e24-e1d4-4284-a76a-eaf6f47942c8","d9ed9dec-29db-4931-8f2e-875e62d9fc38"
"abbaf4c5-3ac2-4c73-b1ed-a9600e1a8880","34fbb5ed-358d-4583-bc14-1c2daaa82436"
"ccce265a-0c12-4a7c-aca6-31c39abc194c","d9ed9dec-29db-4931-8f2e-875e62d9fc38"
"e16bf8fe-1841-4b5e-ac7f-2959a7dbe5eb","d9ed9dec-29db-4931-8f2e-875e62d9fc38"
"2fcede77-c4fa-4424-840d-9b56333a3f8b","34fbb5ed-358d-4583-bc14-1c2daaa82436"
"d36816ce-50c4-48b8-a7ee-44bae9756a00","34fbb5ed-358d-4583-bc14-1c2daaa82436"
"0ac1349a-a4c5-407e-8d11-06198131a744","27264d57-eab1-4c1a-9b48-4ba05db08af2"
"0ac1349a-a4c5-407e-8d11-06198131a744","34fbb5ed-358d-4583-bc14-1c2daaa82436"
"0f2e0fff-7198-447e-9fe0-59595827f0d0","34fbb5ed-358d-4583-bc14-1c2daaa82436"
"6ea9673b-454b-425c-bea1-7974ced9ca9d","34fbb5ed-358d-4583-bc14-1c2daaa82436"
"c5834d94-5bd3-417c-9879-607fa4e451ec","34fbb5ed-358d-4583-bc14-1c2daaa82436"
"c5834d94-5bd3-417c-9879-607fa4e451ec","d9ed9dec-29db-4931-8f2e-875e62d9fc38"
"2bf04348-74ef-43b1-901e-d5d2a6f479ce","34fbb5ed-358d-4583-bc14-1c2daaa82436"
"faf3b104-ca23-45f2-bc8d-c34b88281f93","34fbb5ed-358d-4583-bc14-1c2daaa82436"
"733f6c89-f757-462d-9719-c95fff4102b4","34fbb5ed-358d-4583-bc14-1c2daaa82436"
"733f6c89-f757-462d-9719-c95fff4102b4","d9ed9dec-29db-4931-8f2e-875e62d9fc38"
"b10e28ca-6c0e-4692-ba2d-95b35fc330df","34fbb5ed-358d-4583-bc14-1c2daaa82436"
"16d342ca-749d-435b-a994-4feca9f44272","34fbb5ed-358d-4583-bc14-1c2daaa82436"
"53bf011b-f39f-4bff-9aa8-c14b3d002e46","34fbb5ed-358d-4583-bc14-1c2daaa82436"
"d16cb0e0-5555-4095-a61a-13e5338cdae6","27264d57-eab1-4c1a-9b48-4ba05db08af2"
"2c4f8b91-6bcf-4a63-a676-9f8e0cb5cdac","d9ed9dec-29db-4931-8f2e-875e62d9fc38"
"d183c2ae-e7e5-4660-96c4-011140ae85c6","34fbb5ed-358d-4583-bc14-1c2daaa82436"
"970332f5-faa4-4b98-9be9-b84749867316","34fbb5ed-358d-4583-bc14-1c2daaa82436"
"17425510-9168-4d50-9140-26acebc22780","34fbb5ed-358d-4583-bc14-1c2daaa82436"
"24ed18e9-d07e-418c-ba94-60a89563f24f","34fbb5ed-358d-4583-bc14-1c2daaa82436"
"51962efa-53da-4cb9-a0b5-3b4427554902","34fbb5ed-358d-4583-bc14-1c2daaa82436"
"51962efa-53da-4cb9-a0b5-3b4427554902","d9ed9dec-29db-4931-8f2e-875e62d9fc38"
"039d3da6-8d4a-4736-9b66-45df7717fcbf","34fbb5ed-358d-4583-bc14-1c2daaa82436"
"039d3da6-8d4a-4736-9b66-45df7717fcbf","d9ed9dec-29db-4931-8f2e-875e62d9fc38"
"24d451f8-123c-4df4-a073-ff65b6648637","34fbb5ed-358d-4583-bc14-1c2daaa82436"
"357de34a-03e2-4088-9a6f-992b5291c525","d9ed9dec-29db-4931-8f2e-875e62d9fc38"
"21f862d3-0062-4627-bb3c-15691150a2f1","34fbb5ed-358d-4583-bc14-1c2daaa82436"
"6d9a2b96-2d7e-41b9-bc44-7c0ca8076de1","34fbb5ed-358d-4583-bc14-1c2daaa82436"
"65401241-e445-4c5b-91e4-3c2f17208ad2","34fbb5ed-358d-4583-bc14-1c2daaa82436"
"65401241-e445-4c5b-91e4-3c2f17208ad2","d9ed9dec-29db-4931-8f2e-875e62d9fc38"
"e4ce97c6-c7f3-4899-a2f6-1f6b5918b9db","34fbb5ed-358d-4583-bc14-1c2daaa82436"
"f1c3f4e3-f102-4449-96de-163ad90bb1a8","34fbb5ed-358d-4583-bc14-1c2daaa82436"
"55cd28fc-3a01-4f04-a2ce-352d44f3a8ba","34fbb5ed-358d-4583-bc14-1c2daaa82436"
"55cd28fc-3a01-4f04-a2ce-352d44f3a8ba","d9ed9dec-29db-4931-8f2e-875e62d9fc38"
"79b5eb82-2af1-460b-b8a3-94fa01da2c2e","34fbb5ed-358d-4583-bc14-1c2daaa82436"
"d46209ad-650f-4c5a-a325-eab7df0701b0","34fbb5ed-358d-4583-bc14-1c2daaa82436"
"ff34f7d9-ec68-4bc2-aeef-5df0372a070e","34fbb5ed-358d-4583-bc14-1c2daaa82436"
"dbe4b4de-1c8a-46dd-8c88-4cced97048cb","34fbb5ed-358d-4583-bc14-1c2daaa82436"
"d2dbb158-9bc4-43b3-913f-10d7f16844fb","34fbb5ed-358d-4583-bc14-1c2daaa82436"
"c633d9b3-cbc9-4a3b-ba07-597717fbf149","34fbb5ed-358d-4583-bc14-1c2daaa82436"
"c633d9b3-cbc9-4a3b-ba07-597717fbf149","d9ed9dec-29db-4931-8f2e-875e62d9fc38"
"3c5d7481-0197-4926-ba12-7ce7ad334175","34fbb5ed-358d-4583-bc14-1c2daaa82436"
"b4297d57-b122-4733-8af8-f35daaba3961","34fbb5ed-358d-4583-bc14-1c2daaa82436"
"b5aa865f-50cf-4519-95ae-78fbd23790b7","34fbb5ed-358d-4583-bc14-1c2daaa82436"
"e3a399e2-c445-49bb-90c6-f9c7e7305cd2","d9ed9dec-29db-4931-8f2e-875e62d9fc38"
"e3a399e2-c445-49bb-90c6-f9c7e7305cd2","34fbb5ed-358d-4583-bc14-1c2daaa82436"
"94f848d3-a06f-4c51-b3cd-f30a31db1bf7","34fbb5ed-358d-4583-bc14-1c2daaa82436"
"c7470ccb-b983-4762-83de-75c2deae3fec","34fbb5ed-358d-4583-bc14-1c2daaa82436"
"b77babaa-b3ae-4fce-afe0-dee601ea43d3","34fbb5ed-358d-4583-bc14-1c2daaa82436"
"58ee3be1-1393-4415-8b51-56e52638a7e0","34fbb5ed-358d-4583-bc14-1c2daaa82436"
"425845cf-0ae3-47b9-a170-92e843fd911c","d9ed9dec-29db-4931-8f2e-875e62d9fc38"
"06aa36e9-8f3c-43e0-904b-5e5a5526a1a2","34fbb5ed-358d-4583-bc14-1c2daaa82436"
"3976f91a-dda5-4f96-9d9a-b70998311969","34fbb5ed-358d-4583-bc14-1c2daaa82436"
"ac82d0c6-c65a-4a9b-b68a-adb2fbc6f0fd","34fbb5ed-358d-4583-bc14-1c2daaa82436"
"621d4e20-305e-4bb3-9775-0fb5b9ec1cbe","27264d57-eab1-4c1a-9b48-4ba05db08af2"
"621d4e20-305e-4bb3-9775-0fb5b9ec1cbe","34fbb5ed-358d-4583-bc14-1c2daaa82436"
"4e3d96a2-014a-4554-a13f-0bad83a85a03","27264d57-eab1-4c1a-9b48-4ba05db08af2"
"f1178c11-9160-4f7b-9163-92c08818357f","34fbb5ed-358d-4583-bc14-1c2daaa82436"
"46efcaa3-0c83-47c1-8186-11eca3cb4eac","34fbb5ed-358d-4583-bc14-1c2daaa82436"
"7e2a85b7-c3a8-4758-b15b-1659889b3863","d9ed9dec-29db-4931-8f2e-875e62d9fc38"
"449aaaba-c3f8-49b1-9b8a-0a1a62fa9f14","34fbb5ed-358d-4583-bc14-1c2daaa82436"
"4a46e441-f4a9-47e7-96c2-414a496f798d","34fbb5ed-358d-4583-bc14-1c2daaa82436"
"9a63e514-3f48-4b20-8c9a-17f2ba55d145","34fbb5ed-358d-4583-bc14-1c2daaa82436"
"7c35d8b3-2a91-4771-9f41-c0c0972804bf","d9ed9dec-29db-4931-8f2e-875e62d9fc38"
"e29bf599-7fd1-4e98-a005-fe600f233e45","27264d57-eab1-4c1a-9b48-4ba05db08af2"
"736ae075-ae0c-4a3e-8587-0d6e1eaa5b53","34fbb5ed-358d-4583-bc14-1c2daaa82436"
"8bd771e8-2287-45cf-9d1f-7b8b55f037a3","34fbb5ed-358d-4583-bc14-1c2daaa82436"
"4cd0f90c-c603-4948-b511-d1e49a1dbc51","34fbb5ed-358d-4583-bc14-1c2daaa82436"
"7cfa0229-4465-4c8a-8ed2-c9a079b58bec","34fbb5ed-358d-4583-bc14-1c2daaa82436"
"6e7734d2-b411-4988-a480-7105c2725740","d9ed9dec-29db-4931-8f2e-875e62d9fc38"
"6e7734d2-b411-4988-a480-7105c2725740","27264d57-eab1-4c1a-9b48-4ba05db08af2"
"f24d0d21-c794-401e-952a-9233598b1d46","34fbb5ed-358d-4583-bc14-1c2daaa82436"
"c0276593-0397-4a29-8c3e-3d2280be5df5","34fbb5ed-358d-4583-bc14-1c2daaa82436"
"b8fbeb36-4fd0-44fe-8def-1b8b06293d98","d9ed9dec-29db-4931-8f2e-875e62d9fc38"
"33913fd9-9979-4102-bb54-e69fb3e9832e","27264d57-eab1-4c1a-9b48-4ba05db08af2"
"33913fd9-9979-4102-bb54-e69fb3e9832e","34fbb5ed-358d-4583-bc14-1c2daaa82436"
"98fa8daa-3a18-4ea9-9bad-009a6887a50e","34fbb5ed-358d-4583-bc14-1c2daaa82436"
"c04eccfa-c7ca-4f73-87ac-224de1cceba9","34fbb5ed-358d-4583-bc14-1c2daaa82436"
"7b65f05c-ba33-47d7-b05b-493d06a216ff","34fbb5ed-358d-4583-bc14-1c2daaa82436"
"21728ac5-26e7-40a7-988e-bbf2be38d5b9","34fbb5ed-358d-4583-bc14-1c2daaa82436"
"3ef6eaa1-d4fc-402e-93a4-897b2f9f9ba4","d9ed9dec-29db-4931-8f2e-875e62d9fc38"
"d14ec4eb-aa3d-4a5b-9b41-37dedaabfcfb","34fbb5ed-358d-4583-bc14-1c2daaa82436"
"05d4b93e-77b6-40fc-a977-b1e911c4f2bf","27264d57-eab1-4c1a-9b48-4ba05db08af2"
"19b3745b-5c51-4394-b12f-0454c1d32750","34fbb5ed-358d-4583-bc14-1c2daaa82436"
"6f424285-0c58-4921-8eab-a9f153fa3993","27264d57-eab1-4c1a-9b48-4ba05db08af2"
"6f424285-0c58-4921-8eab-a9f153fa3993","34fbb5ed-358d-4583-bc14-1c2daaa82436"
"8ffbf158-b47b-4c62-aefe-86e9574224a8","34fbb5ed-358d-4583-bc14-1c2daaa82436"
"592a6197-8fab-4b44-91d5-f8cd6bd98b3f","34fbb5ed-358d-4583-bc14-1c2daaa82436"
"b21fd1ad-243d-4621-baeb-bd1477cb2eff","34fbb5ed-358d-4583-bc14-1c2daaa82436"
"9a2e4e58-89d6-4c09-9f8e-8a018b86da48","34fbb5ed-358d-4583-bc14-1c2daaa82436"
"1f1b871a-ed2b-4a83-b0e1-b464295a6da7","34fbb5ed-358d-4583-bc14-1c2daaa82436"
"c2e886b7-b84c-4834-b43b-d1d62b98f37a","34fbb5ed-358d-4583-bc14-1c2daaa82436"
"aba8339c-60bf-46f8-bdbb-f1a5bf226486","34fbb5ed-358d-4583-bc14-1c2daaa82436"
"06be18e1-a998-48cb-b0a5-170e74b2bf3f","27264d57-eab1-4c1a-9b48-4ba05db08af2"
"06be18e1-a998-48cb-b0a5-170e74b2bf3f","34fbb5ed-358d-4583-bc14-1c2daaa82436"
"4bd9392b-1cbc-4a6f-89d4-60689fb27e9a","d9ed9dec-29db-4931-8f2e-875e62d9fc38"
"97e267d1-481e-4f27-ab83-6ac3a62e4af4","34fbb5ed-358d-4583-bc14-1c2daaa82436"
"13a6e90e-f320-448c-895e-eda21dbc73bc","d9ed9dec-29db-4931-8f2e-875e62d9fc38"
"7bfe524f-22dd-4a94-b5a2-caf7cd7be41d","d9ed9dec-29db-4931-8f2e-875e62d9fc38"
"6633a864-f1af-44fe-8787-f81fea1bbbcb","34fbb5ed-358d-4583-bc14-1c2daaa82436"
"671f7328-31d0-4cbd-9e6c-e4bdaa39737f","34fbb5ed-358d-4583-bc14-1c2daaa82436"
"0cdbd54a-ad7a-4e0a-b562-a56a1494f99e","34fbb5ed-358d-4583-bc14-1c2daaa82436"
"63cf97b4-d6d3-4504-a31e-e0b15ef568f4","34fbb5ed-358d-4583-bc14-1c2daaa82436"
"47382664-cd37-4b1e-a93c-41ed62725101","34fbb5ed-358d-4583-bc14-1c2daaa82436"
"3cc32cd8-9360-4f25-b45a-286b2687b921","34fbb5ed-358d-4583-bc14-1c2daaa82436"
"3b1d0feb-6024-42c6-876f-01f145bba3d3","34fbb5ed-358d-4583-bc14-1c2daaa82436"
"30b0da10-f5d5-4ede-9b3f-58d93e1ea01f","d9ed9dec-29db-4931-8f2e-875e62d9fc38"
"66c59cd2-2298-473c-8d52-a24dc6bb857b","34fbb5ed-358d-4583-bc14-1c2daaa82436"
"eb099283-4fff-44e5-8618-81765b136c28","34fbb5ed-358d-4583-bc14-1c2daaa82436"
"44a65360-fa18-400b-b092-0ae137147104","34fbb5ed-358d-4583-bc14-1c2daaa82436"
"87b2d586-9ba0-46ba-ac1f-453205e7bffd","34fbb5ed-358d-4583-bc14-1c2daaa82436"
"6dff9112-590d-471a-919b-e4b402749a58","34fbb5ed-358d-4583-bc14-1c2daaa82436"
"88b32d93-bc37-43dd-9f12-08c3db5b3a6d","27264d57-eab1-4c1a-9b48-4ba05db08af2"
"765f6da1-e3eb-4f10-a979-0dd4316d13ea","27264d57-eab1-4c1a-9b48-4ba05db08af2"
"43b904f1-b12b-4721-989e-71032d4a0c41","d9ed9dec-29db-4931-8f2e-875e62d9fc38"
"7a96c432-10df-47f0-a67a-4a244840c3e5","27264d57-eab1-4c1a-9b48-4ba05db08af2"