"task_id","account_id"
"a8c5be4f-ebc8-4de1-a996-7ada670518bb","2587fcf9-00b7-4bc5-9b07-7fd4709a022d"
"22818f64-50ef-4cca-83bc-ef2520a76943","2587fcf9-00b7-4bc5-9b07-7fd4709a022d"
"3f7546fa-6e95-4eb0-b195-1792acf81b0d","3949b4a2-f0a3-4ff8-b58e-8b91aebdcc73"
"4473a416-287a-4492-b148-edb677e4172b","2587fcf9-00b7-4bc5-9b07-7fd4709a022d"
"c4c6dcb5-ce00-4d5b-a661-827638d0cb22","2587fcf9-00b7-4bc5-9b07-7fd4709a022d"
"df5749f5-2c93-4681-ae5e-e77b024d035b","3949b4a2-f0a3-4ff8-b58e-8b91aebdcc73"
"033a3079-b50f-4d08-bd2d-7cc5f3be6f6f","3949b4a2-f0a3-4ff8-b58e-8b91aebdcc73"
"78aaa2a4-45c0-46e0-97ae-59a0f6343805","f174699c-1b01-493f-90b1-52082766fbf7"
"79beea7e-4605-431e-93c8-9a3762d95801","f174699c-1b01-493f-90b1-52082766fbf7"
"32815403-6fed-4442-b439-39c466dbd009","f174699c-1b01-493f-90b1-52082766fbf7"
"4af99a1a-d899-469b-beba-0f3189e3d65b","3949b4a2-f0a3-4ff8-b58e-8b91aebdcc73"
"fbe9504f-918c-4093-8440-2a4ba887434b","f174699c-1b01-493f-90b1-52082766fbf7"
"a2a145ef-e33d-491c-b543-ad74da0b8212","f174699c-1b01-493f-90b1-52082766fbf7"
"4a532938-0132-4970-b517-492a6a1dd366","df37b92c-ebf7-4cb0-bfbc-7f195eec0d2d"
"a8311d8b-b971-4bc0-93bb-b078dfbbc829","f174699c-1b01-493f-90b1-52082766fbf7"
"3936d570-52bb-48bf-b1f0-99178f6d03fc","ad5062f1-e11b-4e33-a1f8-7ea004fd030d"
"b6abbcfa-561a-4092-8fdf-957a0894cf4f","ad5062f1-e11b-4e33-a1f8-7ea004fd030d"
"b6abbcfa-561a-4092-8fdf-957a0894cf4f","3949b4a2-f0a3-4ff8-b58e-8b91aebdcc73"
"6d12a072-54f1-427a-9ac1-d1309aec22c8","3949b4a2-f0a3-4ff8-b58e-8b91aebdcc73"
"2c42a436-ece8-4c0a-847a-0760cbd588ef","2587fcf9-00b7-4bc5-9b07-7fd4709a022d"
"37f04aef-7d92-4bff-89d9-643a529c91aa","2587fcf9-00b7-4bc5-9b07-7fd4709a022d"
"3c9c759c-5630-4af2-99fa-b80efadc05f7","ad5062f1-e11b-4e33-a1f8-7ea004fd030d"
"b7c47a0d-8a49-427e-996c-8e892f991ae9","2587fcf9-00b7-4bc5-9b07-7fd4709a022d"
"b535a77d-902e-4ef6-8370-05d962da8b61","ad5062f1-e11b-4e33-a1f8-7ea004fd030d"
"9235b276-6dfb-44fd-ba2d-ba7980f5891a","2587fcf9-00b7-4bc5-9b07-7fd4709a022d"
"87604326-797b-4a1b-8421-f9db02288bd8","5554fd78-076b-4965-b8dd-73ad778ae04d"
"8f756bdc-53e1-4a9b-9116-44d61c72bb7b","5554fd78-076b-4965-b8dd-73ad778ae04d"
"1af7d88c-c4cf-454a-8755-67107d62cba8","5554fd78-076b-4965-b8dd-73ad778ae04d"
"7f705c5d-1efb-4494-b74d-43c98e19c616","f174699c-1b01-493f-90b1-52082766fbf7"
"53876812-9c55-46c8-9f9b-80bd56d7a7b4","f174699c-1b01-493f-90b1-52082766fbf7"
"d6ca53a0-6c4b-4e45-a482-593879e47c82","2587fcf9-00b7-4bc5-9b07-7fd4709a022d"
"d6ca53a0-6c4b-4e45-a482-593879e47c82","ad5062f1-e11b-4e33-a1f8-7ea004fd030d"
"b887131f-29b5-4179-894d-126e9738ebd8","f174699c-1b01-493f-90b1-52082766fbf7"
"3a06e66f-1a36-4d3e-a53c-6075a19e6fe9","f174699c-1b01-493f-90b1-52082766fbf7"
"b6928f10-ac93-405a-af77-750ffd44c32d","2587fcf9-00b7-4bc5-9b07-7fd4709a022d"
"55cd28fc-3a01-4f04-a2ce-352d44f3a8ba","df37b92c-ebf7-4cb0-bfbc-7f195eec0d2d"
"a3643b91-9443-4930-acaf-5b6c127aa8c6","f174699c-1b01-493f-90b1-52082766fbf7"
"12e3fe54-ebae-4ebe-8e79-f6c874629f4e","f174699c-1b01-493f-90b1-52082766fbf7"