"task_event_id","account_id"
"c8dbc3f1-708b-4cf4-8d52-894a83bdf938","3949b4a2-f0a3-4ff8-b58e-8b91aebdcc73"
"3f443240-e96c-4662-82e4-f401fa381dcb","f174699c-1b01-493f-90b1-52082766fbf7"
"8ba5971f-08f9-48e1-afe1-5e8afb184475","f174699c-1b01-493f-90b1-52082766fbf7"
"307a93d6-133a-4b48-b9a5-2eb1d4b17027","2587fcf9-00b7-4bc5-9b07-7fd4709a022d"
"5ba96af4-eb43-43ab-a7b5-a55150816422","3949b4a2-f0a3-4ff8-b58e-8b91aebdcc73"
"c3a9f2e8-a988-4bf7-841e-1128c1078389","3949b4a2-f0a3-4ff8-b58e-8b91aebdcc73"
"902b7fa0-8174-4a78-8cba-5e193344dd98","3949b4a2-f0a3-4ff8-b58e-8b91aebdcc73"
"9ebd8f6d-e07a-4547-ba74-8ca323068fb3","3949b4a2-f0a3-4ff8-b58e-8b91aebdcc73"
"aee32b11-53c9-44f8-9d50-57cf047248a5","3949b4a2-f0a3-4ff8-b58e-8b91aebdcc73"
"31844564-dad6-4ec1-a247-ab9bca2338ec","ad5062f1-e11b-4e33-a1f8-7ea004fd030d"
"f17bcaca-168f-4b92-86b3-10bb225249ea","2587fcf9-00b7-4bc5-9b07-7fd4709a022d"
"a521522a-b817-4c17-81bb-4ac4afd0dadd","ad5062f1-e11b-4e33-a1f8-7ea004fd030d"
"e5352aff-2312-4312-863f-f52d3569bf07","ad5062f1-e11b-4e33-a1f8-7ea004fd030d"
"204d38fa-ff22-4d1b-b1fc-ba77d6158732","f174699c-1b01-493f-90b1-52082766fbf7"
"3cdcee93-0ab1-4f76-ad6e-79dbb67f35ec","f174699c-1b01-493f-90b1-52082766fbf7"
"c51998ac-c6f8-4614-9815-e8da6c013668","ad5062f1-e11b-4e33-a1f8-7ea004fd030d"
"c51998ac-c6f8-4614-9815-e8da6c013668","2587fcf9-00b7-4bc5-9b07-7fd4709a022d"